2026-02-09 17:26:38,582 - INFO - Picture saved graz_4_2025-08-02.tiff
2026-02-09 17:27:00,921 - INFO - Picture saved graz_4_2025-08-09.tiff
2026-02-09 17:27:28,081 - INFO - Picture saved graz_4_2025-08-12.tiff
2026-02-09 17:28:14,738 - INFO - Picture saved graz_4_2025-08-19.tiff
2026-02-09 17:28:23,250 - INFO - Picture saved graz_4_2025-08-22.tiff
2026-02-09 17:28:30,460 - INFO - Picture saved graz_4_supplemental_2025-08-01.tiff
2026-02-09 17:28:30,475 - INFO - {'shape': (1646, 2624), 'dtype': 'float32', 'valid_ratio': '1.00', 'values range': '0.10:0.92', 'mean': '0.76', 'size': '16.49 MB'}
2026-02-09 17:28:39,492 - INFO - Picture saved graz_4_supplemental_2025-08-11.tiff
2026-02-09 17:28:39,505 - INFO - {'shape': (1646, 2624), 'dtype': 'float32', 'valid_ratio': '1.00', 'values range': '0.03:0.92', 'mean': '0.72', 'size': '16.49 MB'}
2026-02-09 17:28:46,559 - INFO - Picture saved graz_4_supplemental_2025-08-21.tiff
2026-02-09 17:28:46,573 - INFO - {'shape': (1646, 2624), 'dtype': 'float32', 'valid_ratio': '1.00', 'values range': '0.11:0.92', 'mean': '0.72', 'size': '16.49 MB'}
2026-02-09 17:28:46,683 - WARNING - CPLE_IllegalArg in 2025-08-01_10m.tiff: BLOCKXSIZE can only be used with TILED=YES
2026-02-09 17:28:46,741 - WARNING - CPLE_IllegalArg in 2025-08-11_10m.tiff: BLOCKXSIZE can only be used with TILED=YES
2026-02-09 17:28:46,787 - WARNING - CPLE_IllegalArg in 2025-08-21_10m.tiff: BLOCKXSIZE can only be used with TILED=YES
2026-02-09 17:28:46,869 - WARNING - CPLE_IllegalArg in 2025-08-01_10m_filled.tiff: BLOCKXSIZE can only be used with TILED=YES
2026-02-09 17:28:46,915 - WARNING - CPLE_IllegalArg in 2025-08-11_10m_filled.tiff: BLOCKXSIZE can only be used with TILED=YES
2026-02-09 17:28:46,984 - WARNING - CPLE_IllegalArg in 2025-08-21_10m_filled.tiff: BLOCKXSIZE can only be used with TILED=YES
2026-02-09 17:29:08,022 - DEBUG - Namespace(start='2025-08-01', end='2025-08-31', bb_file='AOI_test.geojson', product='NDVI', output='graz_4.tiff', resolution='10')
2026-02-09 17:29:08,022 - DEBUG - {'type': 'Polygon', 'coordinates': [[[15.272166, 46.967134], [15.616379, 46.967134], [15.616379, 47.11383], [15.272166, 47.11383], [15.272166, 46.967134]]]}
2026-02-09 17:29:08,205 - DEBUG - Starting new HTTPS connection (1): identity.dataspace.copernicus.eu:443
2026-02-09 17:29:08,602 - DEBUG - https://identity.dataspace.copernicus.eu:443 "POST /auth/realms/CDSE/protocol/openid-connect/token HTTP/1.1" 200 1727
2026-02-09 17:29:08,604 - DEBUG - ['2025-08-01', '2025-08-11', '2025-08-21']
2026-02-09 17:29:08,606 - DEBUG - Starting new HTTPS connection (1): sh.dataspace.copernicus.eu:443
2026-02-09 17:29:08,806 - DEBUG - https://sh.dataspace.copernicus.eu:443 "POST /api/v1/catalog/1.0.0/search HTTP/1.1" 200 None
2026-02-09 17:29:08,864 - DEBUG - ['2025-08-02', '2025-08-04', '2025-08-06', '2025-08-07', '2025-08-09', '2025-08-09', '2025-08-12', '2025-08-14', '2025-08-16', '2025-08-17', '2025-08-19', '2025-08-19', '2025-08-22', '2025-08-24', '2025-08-26', '2025-08-27', '2025-08-29', '2025-08-29']
2026-02-09 17:29:08,865 - DEBUG - ['2025-08-02', '2025-08-09', '2025-08-12', '2025-08-19', '2025-08-22']
2026-02-09 17:29:08,865 - DEBUG - Downloading for 2025-08-02
2026-02-09 17:29:08,865 - DEBUG - [520647.58484601777, 5201547.786220064, 533768.4100683336, 5209772.9169968655]
2026-02-09 17:29:08,868 - DEBUG - Starting new HTTPS connection (1): sh.dataspace.copernicus.eu:443
2026-02-09 17:29:09,702 - DEBUG - https://sh.dataspace.copernicus.eu:443 "POST /api/v1/process HTTP/1.1" 200 None
2026-02-09 17:29:09,712 - DEBUG - Entering env context: <rasterio.env.Env object at 0x110021fd0>
2026-02-09 17:29:09,713 - DEBUG - Starting outermost env
2026-02-09 17:29:09,713 - DEBUG - No GDAL environment exists
2026-02-09 17:29:09,713 - DEBUG - New GDAL environment <rasterio._env.GDALEnv object at 0x11005b310> created
2026-02-09 17:29:09,741 - DEBUG - Installing FilePath filesystem handler plugin...
2026-02-09 17:29:09,741 - DEBUG - GDAL data found in package: path='/Users/red_dragon/Documents/projects/cdse_sinergise_planet/env/lib/python3.13/site-packages/rasterio/gdal_data'.
2026-02-09 17:29:09,741 - DEBUG - PROJ data found in package: path='/Users/red_dragon/Documents/projects/cdse_sinergise_planet/env/lib/python3.13/site-packages/rasterio/proj_data'.
2026-02-09 17:29:09,741 - DEBUG - Started GDALEnv: self=<rasterio._env.GDALEnv object at 0x11005b310>.
2026-02-09 17:29:09,741 - DEBUG - Entered env context: <rasterio.env.Env object at 0x110021fd0>
2026-02-09 17:29:09,742 - DEBUG - VSI path: /vsimem/3a10962f-b64a-417d-a440-68b24eced574/3a10962f-b64a-417d-a440-68b24eced574.tif
2026-02-09 17:29:09,781 - DEBUG - Nodata success: 0, Nodata value: 0.000000
2026-02-09 17:29:09,781 - DEBUG - Dataset <open DatasetReader name='/vsimem/3a10962f-b64a-417d-a440-68b24eced574/3a10962f-b64a-417d-a440-68b24eced574.tif' mode='r'> is started.
2026-02-09 17:29:09,781 - DEBUG - Exiting env context: <rasterio.env.Env object at 0x110021fd0>
2026-02-09 17:29:09,781 - DEBUG - Cleared existing <rasterio._env.GDALEnv object at 0x11005b310> options
2026-02-09 17:29:09,781 - DEBUG - Stopped GDALEnv <rasterio._env.GDALEnv object at 0x11005b310>.
2026-02-09 17:29:09,781 - DEBUG - Exiting outermost env
2026-02-09 17:29:09,781 - DEBUG - Exited env context: <rasterio.env.Env object at 0x110021fd0>
2026-02-09 17:29:09,781 - DEBUG - Output nodata value read from file: None
2026-02-09 17:29:09,781 - DEBUG - Output nodata values: [None]
2026-02-09 17:29:09,782 - DEBUG - all_valid: True
2026-02-09 17:29:09,782 - DEBUG - mask_flags: ([<MaskFlags.all_valid: 1>],)
2026-02-09 17:29:09,782 - DEBUG - Jump straight to _read()
2026-02-09 17:29:09,782 - DEBUG - Window: None
2026-02-09 17:29:09,782 - DEBUG - IO window xoff=0.0 yoff=0.0 width=1312.0 height=823.0
2026-02-09 17:29:09,789 - DEBUG - [533768.4100683336, 5201547.786220064, 546889.2352906496, 5209772.9169968655]
2026-02-09 17:29:09,789 - DEBUG - Starting new HTTPS connection (1): sh.dataspace.copernicus.eu:443
2026-02-09 17:29:11,085 - DEBUG - https://sh.dataspace.copernicus.eu:443 "POST /api/v1/process HTTP/1.1" 200 None
2026-02-09 17:29:11,088 - DEBUG - Entering env context: <rasterio.env.Env object at 0x10ffc3110>
2026-02-09 17:29:11,088 - DEBUG - Starting outermost env
2026-02-09 17:29:11,088 - DEBUG - No GDAL environment exists
2026-02-09 17:29:11,088 - DEBUG - New GDAL environment <rasterio._env.GDALEnv object at 0x10eaaa710> created
2026-02-09 17:29:11,089 - DEBUG - GDAL data found in package: path='/Users/red_dragon/Documents/projects/cdse_sinergise_planet/env/lib/python3.13/site-packages/rasterio/gdal_data'.
2026-02-09 17:29:11,089 - DEBUG - PROJ data found in package: path='/Users/red_dragon/Documents/projects/cdse_sinergise_planet/env/lib/python3.13/site-packages/rasterio/proj_data'.
2026-02-09 17:29:11,089 - DEBUG - Started GDALEnv: self=<rasterio._env.GDALEnv object at 0x10eaaa710>.
2026-02-09 17:29:11,089 - DEBUG - Entered env context: <rasterio.env.Env object at 0x10ffc3110>
2026-02-09 17:29:11,089 - DEBUG - VSI path: /vsimem/c7d650dd-3830-46a7-bcb0-7b6726dde2b4/c7d650dd-3830-46a7-bcb0-7b6726dde2b4.tif
2026-02-09 17:29:11,090 - DEBUG - Nodata success: 0, Nodata value: 0.000000
2026-02-09 17:29:11,090 - DEBUG - Dataset <open DatasetReader name='/vsimem/c7d650dd-3830-46a7-bcb0-7b6726dde2b4/c7d650dd-3830-46a7-bcb0-7b6726dde2b4.tif' mode='r'> is started.
2026-02-09 17:29:11,090 - DEBUG - Exiting env context: <rasterio.env.Env object at 0x10ffc3110>
2026-02-09 17:29:11,091 - DEBUG - Cleared existing <rasterio._env.GDALEnv object at 0x10eaaa710> options
2026-02-09 17:29:11,091 - DEBUG - Stopped GDALEnv <rasterio._env.GDALEnv object at 0x10eaaa710>.
2026-02-09 17:29:11,091 - DEBUG - Exiting outermost env
2026-02-09 17:29:11,091 - DEBUG - Exited env context: <rasterio.env.Env object at 0x10ffc3110>
2026-02-09 17:29:11,091 - DEBUG - Output nodata value read from file: None
2026-02-09 17:29:11,091 - DEBUG - Output nodata values: [None]
2026-02-09 17:29:11,092 - DEBUG - all_valid: True
2026-02-09 17:29:11,092 - DEBUG - mask_flags: ([<MaskFlags.all_valid: 1>],)
2026-02-09 17:29:11,092 - DEBUG - Jump straight to _read()
2026-02-09 17:29:11,092 - DEBUG - Window: None
2026-02-09 17:29:11,092 - DEBUG - IO window xoff=0.0 yoff=0.0 width=1312.0 height=823.0
2026-02-09 17:29:11,103 - DEBUG - [520647.58484601777, 5209772.9169968655, 533768.4100683336, 5217998.047773667]
2026-02-09 17:29:11,104 - DEBUG - Starting new HTTPS connection (1): sh.dataspace.copernicus.eu:443
2026-02-09 17:29:12,100 - DEBUG - https://sh.dataspace.copernicus.eu:443 "POST /api/v1/process HTTP/1.1" 200 None
2026-02-09 17:29:12,104 - DEBUG - Entering env context: <rasterio.env.Env object at 0x10ffc2fd0>
2026-02-09 17:29:12,104 - DEBUG - Starting outermost env
2026-02-09 17:29:12,104 - DEBUG - No GDAL environment exists
2026-02-09 17:29:12,104 - DEBUG - New GDAL environment <rasterio._env.GDALEnv object at 0x10e841cf0> created
2026-02-09 17:29:12,105 - DEBUG - GDAL data found in package: path='/Users/red_dragon/Documents/projects/cdse_sinergise_planet/env/lib/python3.13/site-packages/rasterio/gdal_data'.
2026-02-09 17:29:12,105 - DEBUG - PROJ data found in package: path='/Users/red_dragon/Documents/projects/cdse_sinergise_planet/env/lib/python3.13/site-packages/rasterio/proj_data'.
2026-02-09 17:29:12,105 - DEBUG - Started GDALEnv: self=<rasterio._env.GDALEnv object at 0x10e841cf0>.
2026-02-09 17:29:12,105 - DEBUG - Entered env context: <rasterio.env.Env object at 0x10ffc2fd0>
2026-02-09 17:29:12,105 - DEBUG - VSI path: /vsimem/da8015a8-baeb-4578-9802-97ce8c1acfeb/da8015a8-baeb-4578-9802-97ce8c1acfeb.tif
2026-02-09 17:29:12,107 - DEBUG - Nodata success: 0, Nodata value: 0.000000
2026-02-09 17:29:12,107 - DEBUG - Dataset <open DatasetReader name='/vsimem/da8015a8-baeb-4578-9802-97ce8c1acfeb/da8015a8-baeb-4578-9802-97ce8c1acfeb.tif' mode='r'> is started.
2026-02-09 17:29:12,107 - DEBUG - Exiting env context: <rasterio.env.Env object at 0x10ffc2fd0>
2026-02-09 17:29:12,107 - DEBUG - Cleared existing <rasterio._env.GDALEnv object at 0x10e841cf0> options
2026-02-09 17:29:12,107 - DEBUG - Stopped GDALEnv <rasterio._env.GDALEnv object at 0x10e841cf0>.
2026-02-09 17:29:12,107 - DEBUG - Exiting outermost env
2026-02-09 17:29:12,107 - DEBUG - Exited env context: <rasterio.env.Env object at 0x10ffc2fd0>
2026-02-09 17:29:12,107 - DEBUG - Output nodata value read from file: None
2026-02-09 17:29:12,107 - DEBUG - Output nodata values: [None]
2026-02-09 17:29:12,107 - DEBUG - all_valid: True
2026-02-09 17:29:12,107 - DEBUG - mask_flags: ([<MaskFlags.all_valid: 1>],)
2026-02-09 17:29:12,107 - DEBUG - Jump straight to _read()
2026-02-09 17:29:12,107 - DEBUG - Window: None
2026-02-09 17:29:12,107 - DEBUG - IO window xoff=0.0 yoff=0.0 width=1312.0 height=823.0
2026-02-09 17:29:12,118 - DEBUG - [533768.4100683336, 5209772.9169968655, 546889.2352906496, 5217998.047773667]
2026-02-09 17:29:12,119 - DEBUG - Starting new HTTPS connection (1): sh.dataspace.copernicus.eu:443
2026-02-09 17:29:13,440 - DEBUG - https://sh.dataspace.copernicus.eu:443 "POST /api/v1/process HTTP/1.1" 200 None
2026-02-09 17:29:13,444 - DEBUG - Entering env context: <rasterio.env.Env object at 0x10fff6ea0>
2026-02-09 17:29:13,444 - DEBUG - Starting outermost env
2026-02-09 17:29:13,444 - DEBUG - No GDAL environment exists
2026-02-09 17:29:13,444 - DEBUG - New GDAL environment <rasterio._env.GDALEnv object at 0x11005be80> created
2026-02-09 17:29:13,444 - DEBUG - GDAL data found in package: path='/Users/red_dragon/Documents/projects/cdse_sinergise_planet/env/lib/python3.13/site-packages/rasterio/gdal_data'.
2026-02-09 17:29:13,444 - DEBUG - PROJ data found in package: path='/Users/red_dragon/Documents/projects/cdse_sinergise_planet/env/lib/python3.13/site-packages/rasterio/proj_data'.
2026-02-09 17:29:13,445 - DEBUG - Started GDALEnv: self=<rasterio._env.GDALEnv object at 0x11005be80>.
2026-02-09 17:29:13,445 - DEBUG - Entered env context: <rasterio.env.Env object at 0x10fff6ea0>
2026-02-09 17:29:13,445 - DEBUG - VSI path: /vsimem/a972ea58-e834-4ba2-8f28-5257b1474b09/a972ea58-e834-4ba2-8f28-5257b1474b09.tif
2026-02-09 17:29:13,446 - DEBUG - Nodata success: 0, Nodata value: 0.000000
2026-02-09 17:29:13,446 - DEBUG - Dataset <open DatasetReader name='/vsimem/a972ea58-e834-4ba2-8f28-5257b1474b09/a972ea58-e834-4ba2-8f28-5257b1474b09.tif' mode='r'> is started.
2026-02-09 17:29:13,447 - DEBUG - Exiting env context: <rasterio.env.Env object at 0x10fff6ea0>
2026-02-09 17:29:13,447 - DEBUG - Cleared existing <rasterio._env.GDALEnv object at 0x11005be80> options
2026-02-09 17:29:13,447 - DEBUG - Stopped GDALEnv <rasterio._env.GDALEnv object at 0x11005be80>.
2026-02-09 17:29:13,447 - DEBUG - Exiting outermost env
2026-02-09 17:29:13,447 - DEBUG - Exited env context: <rasterio.env.Env object at 0x10fff6ea0>
2026-02-09 17:29:13,447 - DEBUG - Output nodata value read from file: None
2026-02-09 17:29:13,447 - DEBUG - Output nodata values: [None]
2026-02-09 17:29:13,447 - DEBUG - all_valid: True
2026-02-09 17:29:13,447 - DEBUG - mask_flags: ([<MaskFlags.all_valid: 1>],)
2026-02-09 17:29:13,447 - DEBUG - Jump straight to _read()
2026-02-09 17:29:13,447 - DEBUG - Window: None
2026-02-09 17:29:13,447 - DEBUG - IO window xoff=0.0 yoff=0.0 width=1312.0 height=823.0
2026-02-09 17:29:13,458 - DEBUG - Set nodataval to 0
2026-02-09 17:29:13,463 - DEBUG - Output nodata value read from file: None
2026-02-09 17:29:13,464 - DEBUG - Output nodata values: [None]
2026-02-09 17:29:13,464 - DEBUG - all_valid: True
2026-02-09 17:29:13,464 - DEBUG - mask_flags: ([<MaskFlags.all_valid: 1>],)
2026-02-09 17:29:13,464 - DEBUG - Jump straight to _read()
2026-02-09 17:29:13,464 - DEBUG - Window: Window(col_off=np.float64(0.0), row_off=np.float64(-0.0), width=np.float64(1312.0), height=np.float64(823.0))
2026-02-09 17:29:13,464 - DEBUG - IO window xoff=0.0 yoff=-0.0 width=1312.0 height=823.0
2026-02-09 17:29:13,468 - DEBUG - Output nodata value read from file: None
2026-02-09 17:29:13,468 - DEBUG - Output nodata values: [None]
2026-02-09 17:29:13,469 - DEBUG - all_valid: True
2026-02-09 17:29:13,469 - DEBUG - mask_flags: ([<MaskFlags.all_valid: 1>],)
2026-02-09 17:29:13,469 - DEBUG - Jump straight to _read()
2026-02-09 17:29:13,469 - DEBUG - Window: Window(col_off=np.float64(0.0), row_off=np.float64(-0.0), width=np.float64(1311.9999999999884), height=np.float64(823.0))
2026-02-09 17:29:13,469 - DEBUG - IO window xoff=0.0 yoff=-0.0 width=1311.9999999999884 height=823.0
2026-02-09 17:29:13,479 - DEBUG - Output nodata value read from file: None
2026-02-09 17:29:13,479 - DEBUG - Output nodata values: [None]
2026-02-09 17:29:13,479 - DEBUG - all_valid: True
2026-02-09 17:29:13,479 - DEBUG - mask_flags: ([<MaskFlags.all_valid: 1>],)
2026-02-09 17:29:13,479 - DEBUG - Jump straight to _read()
2026-02-09 17:29:13,479 - DEBUG - Window: Window(col_off=np.float64(0.0), row_off=np.float64(-0.0), width=np.float64(1312.0), height=np.float64(823.0))
2026-02-09 17:29:13,479 - DEBUG - IO window xoff=0.0 yoff=-0.0 width=1312.0 height=823.0
2026-02-09 17:29:13,483 - DEBUG - Output nodata value read from file: None
2026-02-09 17:29:13,483 - DEBUG - Output nodata values: [None]
2026-02-09 17:29:13,484 - DEBUG - all_valid: True
2026-02-09 17:29:13,484 - DEBUG - mask_flags: ([<MaskFlags.all_valid: 1>],)
2026-02-09 17:29:13,484 - DEBUG - Jump straight to _read()
2026-02-09 17:29:13,484 - DEBUG - Window: Window(col_off=np.float64(0.0), row_off=np.float64(-0.0), width=np.float64(1311.9999999999884), height=np.float64(823.0))
2026-02-09 17:29:13,484 - DEBUG - IO window xoff=0.0 yoff=-0.0 width=1311.9999999999884 height=823.0
2026-02-09 17:29:13,497 - DEBUG - Entering env context: <rasterio.env.Env object at 0x10fff6d70>
2026-02-09 17:29:13,497 - DEBUG - Starting outermost env
2026-02-09 17:29:13,497 - DEBUG - No GDAL environment exists
2026-02-09 17:29:13,497 - DEBUG - New GDAL environment <rasterio._env.GDALEnv object at 0x10f012e90> created
2026-02-09 17:29:13,497 - DEBUG - GDAL data found in package: path='/Users/red_dragon/Documents/projects/cdse_sinergise_planet/env/lib/python3.13/site-packages/rasterio/gdal_data'.
2026-02-09 17:29:13,497 - DEBUG - PROJ data found in package: path='/Users/red_dragon/Documents/projects/cdse_sinergise_planet/env/lib/python3.13/site-packages/rasterio/proj_data'.
2026-02-09 17:29:13,497 - DEBUG - Started GDALEnv: self=<rasterio._env.GDALEnv object at 0x10f012e90>.
2026-02-09 17:29:13,497 - DEBUG - Entered env context: <rasterio.env.Env object at 0x10fff6d70>
2026-02-09 17:29:13,505 - DEBUG - Nodata success: 1, Nodata value: nan
2026-02-09 17:29:13,505 - DEBUG - Exiting env context: <rasterio.env.Env object at 0x10fff6d70>
2026-02-09 17:29:13,505 - DEBUG - Cleared existing <rasterio._env.GDALEnv object at 0x10f012e90> options
2026-02-09 17:29:13,505 - DEBUG - Stopped GDALEnv <rasterio._env.GDALEnv object at 0x10f012e90>.
2026-02-09 17:29:13,505 - DEBUG - Exiting outermost env
2026-02-09 17:29:13,505 - DEBUG - Exited env context: <rasterio.env.Env object at 0x10fff6d70>
2026-02-09 17:29:13,505 - DEBUG - Entering env context: <rasterio.env.Env object at 0x110065fd0>
2026-02-09 17:29:13,505 - DEBUG - Starting outermost env
2026-02-09 17:29:13,505 - DEBUG - No GDAL environment exists
2026-02-09 17:29:13,505 - DEBUG - New GDAL environment <rasterio._env.GDALEnv object at 0x109431c30> created
2026-02-09 17:29:13,505 - DEBUG - GDAL data found in package: path='/Users/red_dragon/Documents/projects/cdse_sinergise_planet/env/lib/python3.13/site-packages/rasterio/gdal_data'.
2026-02-09 17:29:13,506 - DEBUG - PROJ data found in package: path='/Users/red_dragon/Documents/projects/cdse_sinergise_planet/env/lib/python3.13/site-packages/rasterio/proj_data'.
2026-02-09 17:29:13,506 - DEBUG - Started GDALEnv: self=<rasterio._env.GDALEnv object at 0x109431c30>.
2026-02-09 17:29:13,506 - DEBUG - Entered env context: <rasterio.env.Env object at 0x110065fd0>
2026-02-09 17:29:13,537 - DEBUG - Exiting env context: <rasterio.env.Env object at 0x110065fd0>
2026-02-09 17:29:13,537 - DEBUG - Cleared existing <rasterio._env.GDALEnv object at 0x109431c30> options
2026-02-09 17:29:13,537 - DEBUG - Stopped GDALEnv <rasterio._env.GDALEnv object at 0x109431c30>.
2026-02-09 17:29:13,537 - DEBUG - Exiting outermost env
2026-02-09 17:29:13,537 - DEBUG - Exited env context: <rasterio.env.Env object at 0x110065fd0>
2026-02-09 17:29:13,537 - INFO - Picture saved graz_4_2025-08-02.tiff
2026-02-09 17:29:13,537 - DEBUG - Entering env context: <rasterio.env.Env object at 0x11019d040>
2026-02-09 17:29:13,537 - DEBUG - Starting outermost env
2026-02-09 17:29:13,537 - DEBUG - No GDAL environment exists
2026-02-09 17:29:13,537 - DEBUG - New GDAL environment <rasterio._env.GDALEnv object at 0x10f012e90> created
2026-02-09 17:29:13,537 - DEBUG - GDAL data found in package: path='/Users/red_dragon/Documents/projects/cdse_sinergise_planet/env/lib/python3.13/site-packages/rasterio/gdal_data'.
2026-02-09 17:29:13,537 - DEBUG - PROJ data found in package: path='/Users/red_dragon/Documents/projects/cdse_sinergise_planet/env/lib/python3.13/site-packages/rasterio/proj_data'.
2026-02-09 17:29:13,537 - DEBUG - Started GDALEnv: self=<rasterio._env.GDALEnv object at 0x10f012e90>.
2026-02-09 17:29:13,537 - DEBUG - Entered env context: <rasterio.env.Env object at 0x11019d040>
2026-02-09 17:29:13,538 - DEBUG - Nodata success: 1, Nodata value: nan
2026-02-09 17:29:13,538 - DEBUG - Dataset <open DatasetReader name='graz_4_2025-08-02.tiff' mode='r'> is started.
2026-02-09 17:29:13,538 - DEBUG - Exiting env context: <rasterio.env.Env object at 0x11019d040>
2026-02-09 17:29:13,538 - DEBUG - Cleared existing <rasterio._env.GDALEnv object at 0x10f012e90> options
2026-02-09 17:29:13,538 - DEBUG - Stopped GDALEnv <rasterio._env.GDALEnv object at 0x10f012e90>.
2026-02-09 17:29:13,538 - DEBUG - Exiting outermost env
2026-02-09 17:29:13,538 - DEBUG - Exited env context: <rasterio.env.Env object at 0x11019d040>
2026-02-09 17:29:13,538 - DEBUG - Entering env context: <rasterio.env.Env object at 0x11019cd10>
2026-02-09 17:29:13,538 - DEBUG - Starting outermost env
2026-02-09 17:29:13,538 - DEBUG - No GDAL environment exists
2026-02-09 17:29:13,538 - DEBUG - New GDAL environment <rasterio._env.GDALEnv object at 0x109431c30> created
2026-02-09 17:29:13,538 - DEBUG - GDAL data found in package: path='/Users/red_dragon/Documents/projects/cdse_sinergise_planet/env/lib/python3.13/site-packages/rasterio/gdal_data'.
2026-02-09 17:29:13,538 - DEBUG - PROJ data found in package: path='/Users/red_dragon/Documents/projects/cdse_sinergise_planet/env/lib/python3.13/site-packages/rasterio/proj_data'.
2026-02-09 17:29:13,538 - DEBUG - Started GDALEnv: self=<rasterio._env.GDALEnv object at 0x109431c30>.
2026-02-09 17:29:13,538 - DEBUG - Entered env context: <rasterio.env.Env object at 0x11019cd10>
2026-02-09 17:29:13,538 - DEBUG - Output nodata value read from file: nan
2026-02-09 17:29:13,538 - DEBUG - Output nodata values: [nan]
2026-02-09 17:29:13,538 - DEBUG - all_valid: False
2026-02-09 17:29:13,538 - DEBUG - mask_flags: ([<MaskFlags.nodata: 8>],)
2026-02-09 17:29:13,538 - DEBUG - Jump straight to _read()
2026-02-09 17:29:13,539 - DEBUG - Window: None
2026-02-09 17:29:13,539 - DEBUG - IO window xoff=0.0 yoff=0.0 width=2624.0 height=1646.0
2026-02-09 17:29:13,544 - DEBUG - Exiting env context: <rasterio.env.Env object at 0x11019cd10>
2026-02-09 17:29:13,544 - DEBUG - Cleared existing <rasterio._env.GDALEnv object at 0x109431c30> options
2026-02-09 17:29:13,544 - DEBUG - Stopped GDALEnv <rasterio._env.GDALEnv object at 0x109431c30>.
2026-02-09 17:29:13,544 - DEBUG - Exiting outermost env
2026-02-09 17:29:13,544 - DEBUG - Exited env context: <rasterio.env.Env object at 0x11019cd10>
2026-02-09 17:29:13,548 - DEBUG - {'shape': (1646, 2624), 'dtype': 'float32', 'valid_ratio': '0.00', 'values range': '0.14:0.68', 'mean': '0.40', 'size': '16.49 MB'}
2026-02-09 17:29:13,548 - DEBUG - Downloading for 2025-08-09
2026-02-09 17:29:13,548 - DEBUG - [520647.58484601777, 5201547.786220064, 533768.4100683336, 5209772.9169968655]
2026-02-09 17:29:13,549 - DEBUG - Starting new HTTPS connection (1): sh.dataspace.copernicus.eu:443
2026-02-09 17:29:14,873 - DEBUG - https://sh.dataspace.copernicus.eu:443 "POST /api/v1/process HTTP/1.1" 200 None
2026-02-09 17:29:19,606 - DEBUG - Entering env context: <rasterio.env.Env object at 0x109400150>
2026-02-09 17:29:19,606 - DEBUG - Starting outermost env
2026-02-09 17:29:19,606 - DEBUG - No GDAL environment exists
2026-02-09 17:29:19,606 - DEBUG - New GDAL environment <rasterio._env.GDALEnv object at 0x10f25fb20> created
2026-02-09 17:29:19,606 - DEBUG - GDAL data found in package: path='/Users/red_dragon/Documents/projects/cdse_sinergise_planet/env/lib/python3.13/site-packages/rasterio/gdal_data'.
2026-02-09 17:29:19,606 - DEBUG - PROJ data found in package: path='/Users/red_dragon/Documents/projects/cdse_sinergise_planet/env/lib/python3.13/site-packages/rasterio/proj_data'.
2026-02-09 17:29:19,607 - DEBUG - Started GDALEnv: self=<rasterio._env.GDALEnv object at 0x10f25fb20>.
2026-02-09 17:29:19,607 - DEBUG - Entered env context: <rasterio.env.Env object at 0x109400150>
2026-02-09 17:29:19,607 - DEBUG - VSI path: /vsimem/618b9ac6-b65d-48ea-9200-3f12e4015849/618b9ac6-b65d-48ea-9200-3f12e4015849.tif
2026-02-09 17:29:19,608 - DEBUG - Nodata success: 0, Nodata value: 0.000000
2026-02-09 17:29:19,608 - DEBUG - Dataset <open DatasetReader name='/vsimem/618b9ac6-b65d-48ea-9200-3f12e4015849/618b9ac6-b65d-48ea-9200-3f12e4015849.tif' mode='r'> is started.
2026-02-09 17:29:19,608 - DEBUG - Exiting env context: <rasterio.env.Env object at 0x109400150>
2026-02-09 17:29:19,608 - DEBUG - Cleared existing <rasterio._env.GDALEnv object at 0x10f25fb20> options
2026-02-09 17:29:19,608 - DEBUG - Stopped GDALEnv <rasterio._env.GDALEnv object at 0x10f25fb20>.
2026-02-09 17:29:19,608 - DEBUG - Exiting outermost env
2026-02-09 17:29:19,608 - DEBUG - Exited env context: <rasterio.env.Env object at 0x109400150>
2026-02-09 17:29:19,609 - DEBUG - Output nodata value read from file: None
2026-02-09 17:29:19,609 - DEBUG - Output nodata values: [None]
2026-02-09 17:29:19,609 - DEBUG - all_valid: True
2026-02-09 17:29:19,609 - DEBUG - mask_flags: ([<MaskFlags.all_valid: 1>],)
2026-02-09 17:29:19,609 - DEBUG - Jump straight to _read()
2026-02-09 17:29:19,609 - DEBUG - Window: None
2026-02-09 17:29:19,609 - DEBUG - IO window xoff=0.0 yoff=0.0 width=1312.0 height=823.0
2026-02-09 17:29:19,632 - DEBUG - [533768.4100683336, 5201547.786220064, 546889.2352906496, 5209772.9169968655]
2026-02-09 17:29:19,633 - DEBUG - Starting new HTTPS connection (1): sh.dataspace.copernicus.eu:443
2026-02-09 17:29:21,197 - DEBUG - https://sh.dataspace.copernicus.eu:443 "POST /api/v1/process HTTP/1.1" 200 None
2026-02-09 17:32:04,301 - DEBUG - Namespace(start='2025-08-01', end='2025-08-31', bb_file='Bratislava.geojson', product='NDVI', output='graz_4.tiff', resolution='10')
2026-02-09 17:32:04,301 - DEBUG - {'type': 'Polygon', 'coordinates': [[[16.978, 48.066], [17.3, 48.066], [17.3, 48.25], [16.978, 48.25], [16.978, 48.066]]]}
2026-02-09 17:32:04,539 - DEBUG - Starting new HTTPS connection (1): identity.dataspace.copernicus.eu:443
2026-02-09 17:32:04,907 - DEBUG - https://identity.dataspace.copernicus.eu:443 "POST /auth/realms/CDSE/protocol/openid-connect/token HTTP/1.1" 200 1727
2026-02-09 17:32:04,910 - DEBUG - ['2025-08-01', '2025-08-11', '2025-08-21']
2026-02-09 17:32:04,913 - DEBUG - Starting new HTTPS connection (1): sh.dataspace.copernicus.eu:443
2026-02-09 17:32:05,231 - DEBUG - https://sh.dataspace.copernicus.eu:443 "POST /api/v1/catalog/1.0.0/search HTTP/1.1" 200 None
2026-02-09 17:32:05,323 - DEBUG - ['2025-08-02', '2025-08-04', '2025-08-06', '2025-08-07', '2025-08-09', '2025-08-09', '2025-08-12', '2025-08-14', '2025-08-16', '2025-08-17', '2025-08-17', '2025-08-19', '2025-08-19', '2025-08-22', '2025-08-24', '2025-08-26', '2025-08-27', '2025-08-29', '2025-08-29', '2025-08-29']
2026-02-09 17:32:05,323 - DEBUG - ['2025-08-02', '2025-08-09', '2025-08-12', '2025-08-19', '2025-08-22']
2026-02-09 17:32:05,323 - DEBUG - Downloading for 2025-08-02
2026-02-09 17:32:05,323 - DEBUG - [646832.3533706688, 5325528.473139578, 659089.0981330753, 5336086.522280935]
2026-02-09 17:32:05,325 - DEBUG - Starting new HTTPS connection (1): sh.dataspace.copernicus.eu:443
2026-02-09 17:32:06,791 - DEBUG - https://sh.dataspace.copernicus.eu:443 "POST /api/v1/process HTTP/1.1" 200 None
2026-02-09 17:32:09,856 - DEBUG - Entering env context: <rasterio.env.Env object at 0x10f999fd0>
2026-02-09 17:32:09,856 - DEBUG - Starting outermost env
2026-02-09 17:32:09,856 - DEBUG - No GDAL environment exists
2026-02-09 17:32:09,856 - DEBUG - New GDAL environment <rasterio._env.GDALEnv object at 0x10a74b610> created
2026-02-09 17:32:09,877 - DEBUG - Installing FilePath filesystem handler plugin...
2026-02-09 17:32:09,877 - DEBUG - GDAL data found in package: path='/Users/red_dragon/Documents/projects/cdse_sinergise_planet/env/lib/python3.13/site-packages/rasterio/gdal_data'.
2026-02-09 17:32:09,877 - DEBUG - PROJ data found in package: path='/Users/red_dragon/Documents/projects/cdse_sinergise_planet/env/lib/python3.13/site-packages/rasterio/proj_data'.
2026-02-09 17:32:09,877 - DEBUG - Started GDALEnv: self=<rasterio._env.GDALEnv object at 0x10a74b610>.
2026-02-09 17:32:09,877 - DEBUG - Entered env context: <rasterio.env.Env object at 0x10f999fd0>
2026-02-09 17:32:09,877 - DEBUG - VSI path: /vsimem/4a6bad1d-fe0d-411d-90ff-7cdb5c7cca91/4a6bad1d-fe0d-411d-90ff-7cdb5c7cca91.tif
2026-02-09 17:32:09,915 - DEBUG - Nodata success: 0, Nodata value: 0.000000
2026-02-09 17:32:09,915 - DEBUG - Dataset <open DatasetReader name='/vsimem/4a6bad1d-fe0d-411d-90ff-7cdb5c7cca91/4a6bad1d-fe0d-411d-90ff-7cdb5c7cca91.tif' mode='r'> is started.
2026-02-09 17:32:09,915 - DEBUG - Exiting env context: <rasterio.env.Env object at 0x10f999fd0>
2026-02-09 17:32:09,915 - DEBUG - Cleared existing <rasterio._env.GDALEnv object at 0x10a74b610> options
2026-02-09 17:32:09,915 - DEBUG - Stopped GDALEnv <rasterio._env.GDALEnv object at 0x10a74b610>.
2026-02-09 17:32:09,915 - DEBUG - Exiting outermost env
2026-02-09 17:32:09,915 - DEBUG - Exited env context: <rasterio.env.Env object at 0x10f999fd0>
2026-02-09 17:32:09,915 - DEBUG - Output nodata value read from file: None
2026-02-09 17:32:09,915 - DEBUG - Output nodata values: [None]
2026-02-09 17:32:09,916 - DEBUG - all_valid: True
2026-02-09 17:32:09,916 - DEBUG - mask_flags: ([<MaskFlags.all_valid: 1>],)
2026-02-09 17:32:09,916 - DEBUG - Jump straight to _read()
2026-02-09 17:32:09,916 - DEBUG - Window: None
2026-02-09 17:32:09,916 - DEBUG - IO window xoff=0.0 yoff=0.0 width=1226.0 height=1056.0
2026-02-09 17:32:09,934 - DEBUG - [659089.0981330753, 5325528.473139578, 671345.8428954817, 5336086.522280935]
2026-02-09 17:32:09,935 - DEBUG - Starting new HTTPS connection (1): sh.dataspace.copernicus.eu:443
2026-02-09 17:32:11,192 - DEBUG - https://sh.dataspace.copernicus.eu:443 "POST /api/v1/process HTTP/1.1" 200 None
2026-02-09 17:32:17,014 - DEBUG - Entering env context: <rasterio.env.Env object at 0x10f93b110>
2026-02-09 17:32:17,015 - DEBUG - Starting outermost env
2026-02-09 17:32:17,015 - DEBUG - No GDAL environment exists
2026-02-09 17:32:17,015 - DEBUG - New GDAL environment <rasterio._env.GDALEnv object at 0x10f992c80> created
2026-02-09 17:32:17,015 - DEBUG - GDAL data found in package: path='/Users/red_dragon/Documents/projects/cdse_sinergise_planet/env/lib/python3.13/site-packages/rasterio/gdal_data'.
2026-02-09 17:32:17,015 - DEBUG - PROJ data found in package: path='/Users/red_dragon/Documents/projects/cdse_sinergise_planet/env/lib/python3.13/site-packages/rasterio/proj_data'.
2026-02-09 17:32:17,015 - DEBUG - Started GDALEnv: self=<rasterio._env.GDALEnv object at 0x10f992c80>.
2026-02-09 17:32:17,015 - DEBUG - Entered env context: <rasterio.env.Env object at 0x10f93b110>
2026-02-09 17:32:17,016 - DEBUG - VSI path: /vsimem/c20cc375-e26d-4a2f-8066-f5d1dcf0f72a/c20cc375-e26d-4a2f-8066-f5d1dcf0f72a.tif
2026-02-09 17:32:17,017 - DEBUG - Nodata success: 0, Nodata value: 0.000000
2026-02-09 17:32:17,017 - DEBUG - Dataset <open DatasetReader name='/vsimem/c20cc375-e26d-4a2f-8066-f5d1dcf0f72a/c20cc375-e26d-4a2f-8066-f5d1dcf0f72a.tif' mode='r'> is started.
2026-02-09 17:32:17,017 - DEBUG - Exiting env context: <rasterio.env.Env object at 0x10f93b110>
2026-02-09 17:32:17,017 - DEBUG - Cleared existing <rasterio._env.GDALEnv object at 0x10f992c80> options
2026-02-09 17:32:17,018 - DEBUG - Stopped GDALEnv <rasterio._env.GDALEnv object at 0x10f992c80>.
2026-02-09 17:32:17,018 - DEBUG - Exiting outermost env
2026-02-09 17:32:17,018 - DEBUG - Exited env context: <rasterio.env.Env object at 0x10f93b110>
2026-02-09 17:32:17,018 - DEBUG - Output nodata value read from file: None
2026-02-09 17:32:17,018 - DEBUG - Output nodata values: [None]
2026-02-09 17:32:17,018 - DEBUG - all_valid: True
2026-02-09 17:32:17,018 - DEBUG - mask_flags: ([<MaskFlags.all_valid: 1>],)
2026-02-09 17:32:17,018 - DEBUG - Jump straight to _read()
2026-02-09 17:32:17,018 - DEBUG - Window: None
2026-02-09 17:32:17,018 - DEBUG - IO window xoff=0.0 yoff=0.0 width=1226.0 height=1056.0
2026-02-09 17:32:17,047 - DEBUG - [646832.3533706688, 5336086.522280935, 659089.0981330753, 5346644.571422293]
2026-02-09 17:32:17,048 - DEBUG - Starting new HTTPS connection (1): sh.dataspace.copernicus.eu:443
2026-02-09 17:32:18,153 - DEBUG - https://sh.dataspace.copernicus.eu:443 "POST /api/v1/process HTTP/1.1" 200 None
2026-02-09 17:32:22,285 - DEBUG - Entering env context: <rasterio.env.Env object at 0x10f93afd0>
2026-02-09 17:32:22,286 - DEBUG - Starting outermost env
2026-02-09 17:32:22,286 - DEBUG - No GDAL environment exists
2026-02-09 17:32:22,286 - DEBUG - New GDAL environment <rasterio._env.GDALEnv object at 0x10f965ed0> created
2026-02-09 17:32:22,286 - DEBUG - GDAL data found in package: path='/Users/red_dragon/Documents/projects/cdse_sinergise_planet/env/lib/python3.13/site-packages/rasterio/gdal_data'.
2026-02-09 17:32:22,286 - DEBUG - PROJ data found in package: path='/Users/red_dragon/Documents/projects/cdse_sinergise_planet/env/lib/python3.13/site-packages/rasterio/proj_data'.
2026-02-09 17:32:22,286 - DEBUG - Started GDALEnv: self=<rasterio._env.GDALEnv object at 0x10f965ed0>.
2026-02-09 17:32:22,286 - DEBUG - Entered env context: <rasterio.env.Env object at 0x10f93afd0>
2026-02-09 17:32:22,287 - DEBUG - VSI path: /vsimem/b4c27177-2636-427f-a10f-78029b4b7e99/b4c27177-2636-427f-a10f-78029b4b7e99.tif
2026-02-09 17:32:22,288 - DEBUG - Nodata success: 0, Nodata value: 0.000000
2026-02-09 17:32:22,288 - DEBUG - Dataset <open DatasetReader name='/vsimem/b4c27177-2636-427f-a10f-78029b4b7e99/b4c27177-2636-427f-a10f-78029b4b7e99.tif' mode='r'> is started.
2026-02-09 17:32:22,288 - DEBUG - Exiting env context: <rasterio.env.Env object at 0x10f93afd0>
2026-02-09 17:32:22,288 - DEBUG - Cleared existing <rasterio._env.GDALEnv object at 0x10f965ed0> options
2026-02-09 17:32:22,288 - DEBUG - Stopped GDALEnv <rasterio._env.GDALEnv object at 0x10f965ed0>.
2026-02-09 17:32:22,289 - DEBUG - Exiting outermost env
2026-02-09 17:32:22,289 - DEBUG - Exited env context: <rasterio.env.Env object at 0x10f93afd0>
2026-02-09 17:32:22,289 - DEBUG - Output nodata value read from file: None
2026-02-09 17:32:22,289 - DEBUG - Output nodata values: [None]
2026-02-09 17:32:22,289 - DEBUG - all_valid: True
2026-02-09 17:32:22,289 - DEBUG - mask_flags: ([<MaskFlags.all_valid: 1>],)
2026-02-09 17:32:22,289 - DEBUG - Jump straight to _read()
2026-02-09 17:32:22,289 - DEBUG - Window: None
2026-02-09 17:32:22,289 - DEBUG - IO window xoff=0.0 yoff=0.0 width=1226.0 height=1056.0
2026-02-09 17:32:22,316 - DEBUG - [659089.0981330753, 5336086.522280935, 671345.8428954817, 5346644.571422293]
2026-02-09 17:32:22,317 - DEBUG - Starting new HTTPS connection (1): sh.dataspace.copernicus.eu:443
2026-02-09 17:32:23,392 - DEBUG - https://sh.dataspace.copernicus.eu:443 "POST /api/v1/process HTTP/1.1" 200 None
2026-02-09 17:32:26,985 - DEBUG - Entering env context: <rasterio.env.Env object at 0x10f96eea0>
2026-02-09 17:32:26,985 - DEBUG - Starting outermost env
2026-02-09 17:32:26,986 - DEBUG - No GDAL environment exists
2026-02-09 17:32:26,986 - DEBUG - New GDAL environment <rasterio._env.GDALEnv object at 0x10ea24190> created
2026-02-09 17:32:26,986 - DEBUG - GDAL data found in package: path='/Users/red_dragon/Documents/projects/cdse_sinergise_planet/env/lib/python3.13/site-packages/rasterio/gdal_data'.
2026-02-09 17:32:26,986 - DEBUG - PROJ data found in package: path='/Users/red_dragon/Documents/projects/cdse_sinergise_planet/env/lib/python3.13/site-packages/rasterio/proj_data'.
2026-02-09 17:32:26,986 - DEBUG - Started GDALEnv: self=<rasterio._env.GDALEnv object at 0x10ea24190>.
2026-02-09 17:32:26,987 - DEBUG - Entered env context: <rasterio.env.Env object at 0x10f96eea0>
2026-02-09 17:32:26,987 - DEBUG - VSI path: /vsimem/bc62a4ed-d2da-4f86-8283-6833bf3e7a2c/bc62a4ed-d2da-4f86-8283-6833bf3e7a2c.tif
2026-02-09 17:32:26,988 - DEBUG - Nodata success: 0, Nodata value: 0.000000
2026-02-09 17:32:26,989 - DEBUG - Dataset <open DatasetReader name='/vsimem/bc62a4ed-d2da-4f86-8283-6833bf3e7a2c/bc62a4ed-d2da-4f86-8283-6833bf3e7a2c.tif' mode='r'> is started.
2026-02-09 17:32:26,989 - DEBUG - Exiting env context: <rasterio.env.Env object at 0x10f96eea0>
2026-02-09 17:32:26,989 - DEBUG - Cleared existing <rasterio._env.GDALEnv object at 0x10ea24190> options
2026-02-09 17:32:26,989 - DEBUG - Stopped GDALEnv <rasterio._env.GDALEnv object at 0x10ea24190>.
2026-02-09 17:32:26,989 - DEBUG - Exiting outermost env
2026-02-09 17:32:26,989 - DEBUG - Exited env context: <rasterio.env.Env object at 0x10f96eea0>
2026-02-09 17:32:26,989 - DEBUG - Output nodata value read from file: None
2026-02-09 17:32:26,989 - DEBUG - Output nodata values: [None]
2026-02-09 17:32:26,990 - DEBUG - all_valid: True
2026-02-09 17:32:26,990 - DEBUG - mask_flags: ([<MaskFlags.all_valid: 1>],)
2026-02-09 17:32:26,990 - DEBUG - Jump straight to _read()
2026-02-09 17:32:26,990 - DEBUG - Window: None
2026-02-09 17:32:26,990 - DEBUG - IO window xoff=0.0 yoff=0.0 width=1226.0 height=1056.0
2026-02-09 17:32:27,019 - DEBUG - Set nodataval to 0
2026-02-09 17:32:27,027 - DEBUG - Output nodata value read from file: None
2026-02-09 17:32:27,027 - DEBUG - Output nodata values: [None]
2026-02-09 17:32:27,027 - DEBUG - all_valid: True
2026-02-09 17:32:27,027 - DEBUG - mask_flags: ([<MaskFlags.all_valid: 1>],)
2026-02-09 17:32:27,027 - DEBUG - Jump straight to _read()
2026-02-09 17:32:27,027 - DEBUG - Window: Window(col_off=np.float64(0.0), row_off=np.float64(-0.0), width=np.float64(1226.0), height=np.float64(1056.0))
2026-02-09 17:32:27,027 - DEBUG - IO window xoff=0.0 yoff=-0.0 width=1226.0 height=1056.0
2026-02-09 17:32:27,033 - DEBUG - Output nodata value read from file: None
2026-02-09 17:32:27,033 - DEBUG - Output nodata values: [None]
2026-02-09 17:32:27,033 - DEBUG - all_valid: True
2026-02-09 17:32:27,033 - DEBUG - mask_flags: ([<MaskFlags.all_valid: 1>],)
2026-02-09 17:32:27,033 - DEBUG - Jump straight to _read()
2026-02-09 17:32:27,033 - DEBUG - Window: Window(col_off=np.float64(0.0), row_off=np.float64(-0.0), width=np.float64(1226.0), height=np.float64(1056.0))
2026-02-09 17:32:27,033 - DEBUG - IO window xoff=0.0 yoff=-0.0 width=1226.0 height=1056.0
2026-02-09 17:32:27,040 - DEBUG - Output nodata value read from file: None
2026-02-09 17:32:27,040 - DEBUG - Output nodata values: [None]
2026-02-09 17:32:27,040 - DEBUG - all_valid: True
2026-02-09 17:32:27,040 - DEBUG - mask_flags: ([<MaskFlags.all_valid: 1>],)
2026-02-09 17:32:27,040 - DEBUG - Jump straight to _read()
2026-02-09 17:32:27,040 - DEBUG - Window: Window(col_off=np.float64(0.0), row_off=np.float64(-0.0), width=np.float64(1226.0), height=np.float64(1056.0))
2026-02-09 17:32:27,040 - DEBUG - IO window xoff=0.0 yoff=-0.0 width=1226.0 height=1056.0
2026-02-09 17:32:27,046 - DEBUG - Output nodata value read from file: None
2026-02-09 17:32:27,046 - DEBUG - Output nodata values: [None]
2026-02-09 17:32:27,046 - DEBUG - all_valid: True
2026-02-09 17:32:27,046 - DEBUG - mask_flags: ([<MaskFlags.all_valid: 1>],)
2026-02-09 17:32:27,046 - DEBUG - Jump straight to _read()
2026-02-09 17:32:27,046 - DEBUG - Window: Window(col_off=np.float64(0.0), row_off=np.float64(-0.0), width=np.float64(1226.0), height=np.float64(1056.0))
2026-02-09 17:32:27,046 - DEBUG - IO window xoff=0.0 yoff=-0.0 width=1226.0 height=1056.0
2026-02-09 17:32:27,055 - DEBUG - Entering env context: <rasterio.env.Env object at 0x10f96ed70>
2026-02-09 17:32:27,055 - DEBUG - Starting outermost env
2026-02-09 17:32:27,055 - DEBUG - No GDAL environment exists
2026-02-09 17:32:27,055 - DEBUG - New GDAL environment <rasterio._env.GDALEnv object at 0x10ea24100> created
2026-02-09 17:32:27,055 - DEBUG - GDAL data found in package: path='/Users/red_dragon/Documents/projects/cdse_sinergise_planet/env/lib/python3.13/site-packages/rasterio/gdal_data'.
2026-02-09 17:32:27,055 - DEBUG - PROJ data found in package: path='/Users/red_dragon/Documents/projects/cdse_sinergise_planet/env/lib/python3.13/site-packages/rasterio/proj_data'.
2026-02-09 17:32:27,055 - DEBUG - Started GDALEnv: self=<rasterio._env.GDALEnv object at 0x10ea24100>.
2026-02-09 17:32:27,055 - DEBUG - Entered env context: <rasterio.env.Env object at 0x10f96ed70>
2026-02-09 17:32:27,069 - DEBUG - Nodata success: 1, Nodata value: nan
2026-02-09 17:32:27,069 - DEBUG - Exiting env context: <rasterio.env.Env object at 0x10f96ed70>
2026-02-09 17:32:27,069 - DEBUG - Cleared existing <rasterio._env.GDALEnv object at 0x10ea24100> options
2026-02-09 17:32:27,069 - DEBUG - Stopped GDALEnv <rasterio._env.GDALEnv object at 0x10ea24100>.
2026-02-09 17:32:27,069 - DEBUG - Exiting outermost env
2026-02-09 17:32:27,069 - DEBUG - Exited env context: <rasterio.env.Env object at 0x10f96ed70>
2026-02-09 17:32:27,070 - DEBUG - Entering env context: <rasterio.env.Env object at 0x10f9ddfd0>
2026-02-09 17:32:27,070 - DEBUG - Starting outermost env
2026-02-09 17:32:27,070 - DEBUG - No GDAL environment exists
2026-02-09 17:32:27,070 - DEBUG - New GDAL environment <rasterio._env.GDALEnv object at 0x10d140850> created
2026-02-09 17:32:27,070 - DEBUG - GDAL data found in package: path='/Users/red_dragon/Documents/projects/cdse_sinergise_planet/env/lib/python3.13/site-packages/rasterio/gdal_data'.
2026-02-09 17:32:27,070 - DEBUG - PROJ data found in package: path='/Users/red_dragon/Documents/projects/cdse_sinergise_planet/env/lib/python3.13/site-packages/rasterio/proj_data'.
2026-02-09 17:32:27,070 - DEBUG - Started GDALEnv: self=<rasterio._env.GDALEnv object at 0x10d140850>.
2026-02-09 17:32:27,070 - DEBUG - Entered env context: <rasterio.env.Env object at 0x10f9ddfd0>
2026-02-09 17:32:27,125 - DEBUG - Exiting env context: <rasterio.env.Env object at 0x10f9ddfd0>
2026-02-09 17:32:27,125 - DEBUG - Cleared existing <rasterio._env.GDALEnv object at 0x10d140850> options
2026-02-09 17:32:27,125 - DEBUG - Stopped GDALEnv <rasterio._env.GDALEnv object at 0x10d140850>.
2026-02-09 17:32:27,125 - DEBUG - Exiting outermost env
2026-02-09 17:32:27,125 - DEBUG - Exited env context: <rasterio.env.Env object at 0x10f9ddfd0>
2026-02-09 17:32:27,125 - INFO - Picture saved graz_4_2025-08-02.tiff
2026-02-09 17:32:27,125 - DEBUG - Entering env context: <rasterio.env.Env object at 0x10fb19040>
2026-02-09 17:32:27,125 - DEBUG - Starting outermost env
2026-02-09 17:32:27,125 - DEBUG - No GDAL environment exists
2026-02-09 17:32:27,126 - DEBUG - New GDAL environment <rasterio._env.GDALEnv object at 0x10ea24100> created
2026-02-09 17:32:27,126 - DEBUG - GDAL data found in package: path='/Users/red_dragon/Documents/projects/cdse_sinergise_planet/env/lib/python3.13/site-packages/rasterio/gdal_data'.
2026-02-09 17:32:27,126 - DEBUG - PROJ data found in package: path='/Users/red_dragon/Documents/projects/cdse_sinergise_planet/env/lib/python3.13/site-packages/rasterio/proj_data'.
2026-02-09 17:32:27,126 - DEBUG - Started GDALEnv: self=<rasterio._env.GDALEnv object at 0x10ea24100>.
2026-02-09 17:32:27,126 - DEBUG - Entered env context: <rasterio.env.Env object at 0x10fb19040>
2026-02-09 17:32:27,126 - DEBUG - Nodata success: 1, Nodata value: nan
2026-02-09 17:32:27,126 - DEBUG - Dataset <open DatasetReader name='graz_4_2025-08-02.tiff' mode='r'> is started.
2026-02-09 17:32:27,126 - DEBUG - Exiting env context: <rasterio.env.Env object at 0x10fb19040>
2026-02-09 17:32:27,126 - DEBUG - Cleared existing <rasterio._env.GDALEnv object at 0x10ea24100> options
2026-02-09 17:32:27,126 - DEBUG - Stopped GDALEnv <rasterio._env.GDALEnv object at 0x10ea24100>.
2026-02-09 17:32:27,126 - DEBUG - Exiting outermost env
2026-02-09 17:32:27,126 - DEBUG - Exited env context: <rasterio.env.Env object at 0x10fb19040>
2026-02-09 17:32:27,126 - DEBUG - Entering env context: <rasterio.env.Env object at 0x10fb18d10>
2026-02-09 17:32:27,126 - DEBUG - Starting outermost env
2026-02-09 17:32:27,126 - DEBUG - No GDAL environment exists
2026-02-09 17:32:27,126 - DEBUG - New GDAL environment <rasterio._env.GDALEnv object at 0x108662e60> created
2026-02-09 17:32:27,126 - DEBUG - GDAL data found in package: path='/Users/red_dragon/Documents/projects/cdse_sinergise_planet/env/lib/python3.13/site-packages/rasterio/gdal_data'.
2026-02-09 17:32:27,126 - DEBUG - PROJ data found in package: path='/Users/red_dragon/Documents/projects/cdse_sinergise_planet/env/lib/python3.13/site-packages/rasterio/proj_data'.
2026-02-09 17:32:27,127 - DEBUG - Started GDALEnv: self=<rasterio._env.GDALEnv object at 0x108662e60>.
2026-02-09 17:32:27,127 - DEBUG - Entered env context: <rasterio.env.Env object at 0x10fb18d10>
2026-02-09 17:32:27,127 - DEBUG - Output nodata value read from file: nan
2026-02-09 17:32:27,127 - DEBUG - Output nodata values: [nan]
2026-02-09 17:32:27,127 - DEBUG - all_valid: False
2026-02-09 17:32:27,127 - DEBUG - mask_flags: ([<MaskFlags.nodata: 8>],)
2026-02-09 17:32:27,127 - DEBUG - Jump straight to _read()
2026-02-09 17:32:27,127 - DEBUG - Window: None
2026-02-09 17:32:27,127 - DEBUG - IO window xoff=0.0 yoff=0.0 width=2452.0 height=2112.0
2026-02-09 17:32:27,146 - DEBUG - Exiting env context: <rasterio.env.Env object at 0x10fb18d10>
2026-02-09 17:32:27,146 - DEBUG - Cleared existing <rasterio._env.GDALEnv object at 0x108662e60> options
2026-02-09 17:32:27,146 - DEBUG - Stopped GDALEnv <rasterio._env.GDALEnv object at 0x108662e60>.
2026-02-09 17:32:27,146 - DEBUG - Exiting outermost env
2026-02-09 17:32:27,146 - DEBUG - Exited env context: <rasterio.env.Env object at 0x10fb18d10>
2026-02-09 17:32:27,156 - DEBUG - {'shape': (2112, 2452), 'dtype': 'float32', 'valid_ratio': '0.87', 'values range': '-0.69:1.00', 'mean': '0.59', 'size': '19.77 MB'}
2026-02-09 17:32:27,156 - DEBUG - Downloading for 2025-08-09
2026-02-09 17:32:27,156 - DEBUG - [646832.3533706688, 5325528.473139578, 659089.0981330753, 5336086.522280935]
2026-02-09 17:32:27,158 - DEBUG - Starting new HTTPS connection (1): sh.dataspace.copernicus.eu:443
2026-02-09 17:32:28,702 - DEBUG - https://sh.dataspace.copernicus.eu:443 "POST /api/v1/process HTTP/1.1" 200 None
2026-02-09 17:32:33,535 - DEBUG - Entering env context: <rasterio.env.Env object at 0x108e04150>
2026-02-09 17:32:33,535 - DEBUG - Starting outermost env
2026-02-09 17:32:33,535 - DEBUG - No GDAL environment exists
2026-02-09 17:32:33,535 - DEBUG - New GDAL environment <rasterio._env.GDALEnv object at 0x10ea24100> created
2026-02-09 17:32:33,536 - DEBUG - GDAL data found in package: path='/Users/red_dragon/Documents/projects/cdse_sinergise_planet/env/lib/python3.13/site-packages/rasterio/gdal_data'.
2026-02-09 17:32:33,536 - DEBUG - PROJ data found in package: path='/Users/red_dragon/Documents/projects/cdse_sinergise_planet/env/lib/python3.13/site-packages/rasterio/proj_data'.
2026-02-09 17:32:33,536 - DEBUG - Started GDALEnv: self=<rasterio._env.GDALEnv object at 0x10ea24100>.
2026-02-09 17:32:33,536 - DEBUG - Entered env context: <rasterio.env.Env object at 0x108e04150>
2026-02-09 17:32:33,536 - DEBUG - VSI path: /vsimem/c4b01686-a994-4619-8d2d-d4b99f350215/c4b01686-a994-4619-8d2d-d4b99f350215.tif
2026-02-09 17:32:33,539 - DEBUG - Nodata success: 0, Nodata value: 0.000000
2026-02-09 17:32:33,539 - DEBUG - Dataset <open DatasetReader name='/vsimem/c4b01686-a994-4619-8d2d-d4b99f350215/c4b01686-a994-4619-8d2d-d4b99f350215.tif' mode='r'> is started.
2026-02-09 17:32:33,539 - DEBUG - Exiting env context: <rasterio.env.Env object at 0x108e04150>
2026-02-09 17:32:33,539 - DEBUG - Cleared existing <rasterio._env.GDALEnv object at 0x10ea24100> options
2026-02-09 17:32:33,539 - DEBUG - Stopped GDALEnv <rasterio._env.GDALEnv object at 0x10ea24100>.
2026-02-09 17:32:33,540 - DEBUG - Exiting outermost env
2026-02-09 17:32:33,540 - DEBUG - Exited env context: <rasterio.env.Env object at 0x108e04150>
2026-02-09 17:32:33,540 - DEBUG - Output nodata value read from file: None
2026-02-09 17:32:33,540 - DEBUG - Output nodata values: [None]
2026-02-09 17:32:33,540 - DEBUG - all_valid: True
2026-02-09 17:32:33,541 - DEBUG - mask_flags: ([<MaskFlags.all_valid: 1>],)
2026-02-09 17:32:33,541 - DEBUG - Jump straight to _read()
2026-02-09 17:32:33,541 - DEBUG - Window: None
2026-02-09 17:32:33,541 - DEBUG - IO window xoff=0.0 yoff=0.0 width=1226.0 height=1056.0
2026-02-09 17:32:33,572 - DEBUG - [659089.0981330753, 5325528.473139578, 671345.8428954817, 5336086.522280935]
2026-02-09 17:32:33,574 - DEBUG - Starting new HTTPS connection (1): sh.dataspace.copernicus.eu:443
2026-02-09 17:32:34,764 - DEBUG - https://sh.dataspace.copernicus.eu:443 "POST /api/v1/process HTTP/1.1" 200 None
2026-02-09 17:32:38,388 - DEBUG - Entering env context: <rasterio.env.Env object at 0x108e04150>
2026-02-09 17:32:38,388 - DEBUG - Starting outermost env
2026-02-09 17:32:38,388 - DEBUG - No GDAL environment exists
2026-02-09 17:32:38,388 - DEBUG - New GDAL environment <rasterio._env.GDALEnv object at 0x108662e60> created
2026-02-09 17:32:38,389 - DEBUG - GDAL data found in package: path='/Users/red_dragon/Documents/projects/cdse_sinergise_planet/env/lib/python3.13/site-packages/rasterio/gdal_data'.
2026-02-09 17:32:38,389 - DEBUG - PROJ data found in package: path='/Users/red_dragon/Documents/projects/cdse_sinergise_planet/env/lib/python3.13/site-packages/rasterio/proj_data'.
2026-02-09 17:32:38,389 - DEBUG - Started GDALEnv: self=<rasterio._env.GDALEnv object at 0x108662e60>.
2026-02-09 17:32:38,389 - DEBUG - Entered env context: <rasterio.env.Env object at 0x108e04150>
2026-02-09 17:32:38,389 - DEBUG - VSI path: /vsimem/8e417d63-1051-4be4-bdf1-dca50bcd2177/8e417d63-1051-4be4-bdf1-dca50bcd2177.tif
2026-02-09 17:32:38,391 - DEBUG - Nodata success: 0, Nodata value: 0.000000
2026-02-09 17:32:38,391 - DEBUG - Dataset <open DatasetReader name='/vsimem/8e417d63-1051-4be4-bdf1-dca50bcd2177/8e417d63-1051-4be4-bdf1-dca50bcd2177.tif' mode='r'> is started.
2026-02-09 17:32:38,391 - DEBUG - Exiting env context: <rasterio.env.Env object at 0x108e04150>
2026-02-09 17:32:38,392 - DEBUG - Cleared existing <rasterio._env.GDALEnv object at 0x108662e60> options
2026-02-09 17:32:38,393 - DEBUG - Stopped GDALEnv <rasterio._env.GDALEnv object at 0x108662e60>.
2026-02-09 17:32:38,393 - DEBUG - Exiting outermost env
2026-02-09 17:32:38,393 - DEBUG - Exited env context: <rasterio.env.Env object at 0x108e04150>
2026-02-09 17:32:38,393 - DEBUG - Output nodata value read from file: None
2026-02-09 17:32:38,393 - DEBUG - Output nodata values: [None]
2026-02-09 17:32:38,393 - DEBUG - all_valid: True
2026-02-09 17:32:38,393 - DEBUG - mask_flags: ([<MaskFlags.all_valid: 1>],)
2026-02-09 17:32:38,394 - DEBUG - Jump straight to _read()
2026-02-09 17:32:38,394 - DEBUG - Window: None
2026-02-09 17:32:38,394 - DEBUG - IO window xoff=0.0 yoff=0.0 width=1226.0 height=1056.0
2026-02-09 17:32:38,419 - DEBUG - [646832.3533706688, 5336086.522280935, 659089.0981330753, 5346644.571422293]
2026-02-09 17:32:38,420 - DEBUG - Starting new HTTPS connection (1): sh.dataspace.copernicus.eu:443
2026-02-09 17:32:39,944 - DEBUG - https://sh.dataspace.copernicus.eu:443 "POST /api/v1/process HTTP/1.1" 200 None
2026-02-09 17:32:43,744 - DEBUG - Entering env context: <rasterio.env.Env object at 0x10f9a2f30>
2026-02-09 17:32:43,745 - DEBUG - Starting outermost env
2026-02-09 17:32:43,745 - DEBUG - No GDAL environment exists
2026-02-09 17:32:43,745 - DEBUG - New GDAL environment <rasterio._env.GDALEnv object at 0x10d1421d0> created
2026-02-09 17:32:43,746 - DEBUG - GDAL data found in package: path='/Users/red_dragon/Documents/projects/cdse_sinergise_planet/env/lib/python3.13/site-packages/rasterio/gdal_data'.
2026-02-09 17:32:43,746 - DEBUG - PROJ data found in package: path='/Users/red_dragon/Documents/projects/cdse_sinergise_planet/env/lib/python3.13/site-packages/rasterio/proj_data'.
2026-02-09 17:32:43,746 - DEBUG - Started GDALEnv: self=<rasterio._env.GDALEnv object at 0x10d1421d0>.
2026-02-09 17:32:43,746 - DEBUG - Entered env context: <rasterio.env.Env object at 0x10f9a2f30>
2026-02-09 17:32:43,746 - DEBUG - VSI path: /vsimem/75bf24bb-3121-4ac9-a445-3c5681fa5868/75bf24bb-3121-4ac9-a445-3c5681fa5868.tif
2026-02-09 17:32:43,747 - DEBUG - Nodata success: 0, Nodata value: 0.000000
2026-02-09 17:32:43,748 - DEBUG - Dataset <open DatasetReader name='/vsimem/75bf24bb-3121-4ac9-a445-3c5681fa5868/75bf24bb-3121-4ac9-a445-3c5681fa5868.tif' mode='r'> is started.
2026-02-09 17:32:43,748 - DEBUG - Exiting env context: <rasterio.env.Env object at 0x10f9a2f30>
2026-02-09 17:32:43,748 - DEBUG - Cleared existing <rasterio._env.GDALEnv object at 0x10d1421d0> options
2026-02-09 17:32:43,748 - DEBUG - Stopped GDALEnv <rasterio._env.GDALEnv object at 0x10d1421d0>.
2026-02-09 17:32:43,748 - DEBUG - Exiting outermost env
2026-02-09 17:32:43,748 - DEBUG - Exited env context: <rasterio.env.Env object at 0x10f9a2f30>
2026-02-09 17:32:43,748 - DEBUG - Output nodata value read from file: None
2026-02-09 17:32:43,748 - DEBUG - Output nodata values: [None]
2026-02-09 17:32:43,748 - DEBUG - all_valid: True
2026-02-09 17:32:43,748 - DEBUG - mask_flags: ([<MaskFlags.all_valid: 1>],)
2026-02-09 17:32:43,748 - DEBUG - Jump straight to _read()
2026-02-09 17:32:43,748 - DEBUG - Window: None
2026-02-09 17:32:43,749 - DEBUG - IO window xoff=0.0 yoff=0.0 width=1226.0 height=1056.0
2026-02-09 17:32:43,782 - DEBUG - [659089.0981330753, 5336086.522280935, 671345.8428954817, 5346644.571422293]
2026-02-09 17:32:43,783 - DEBUG - Starting new HTTPS connection (1): sh.dataspace.copernicus.eu:443
2026-02-09 17:32:45,085 - DEBUG - https://sh.dataspace.copernicus.eu:443 "POST /api/v1/process HTTP/1.1" 200 None
2026-02-09 17:32:48,923 - DEBUG - Entering env context: <rasterio.env.Env object at 0x10f9a3c50>
2026-02-09 17:32:48,924 - DEBUG - Starting outermost env
2026-02-09 17:32:48,924 - DEBUG - No GDAL environment exists
2026-02-09 17:32:48,924 - DEBUG - New GDAL environment <rasterio._env.GDALEnv object at 0x10f8e9c90> created
2026-02-09 17:32:48,924 - DEBUG - GDAL data found in package: path='/Users/red_dragon/Documents/projects/cdse_sinergise_planet/env/lib/python3.13/site-packages/rasterio/gdal_data'.
2026-02-09 17:32:48,925 - DEBUG - PROJ data found in package: path='/Users/red_dragon/Documents/projects/cdse_sinergise_planet/env/lib/python3.13/site-packages/rasterio/proj_data'.
2026-02-09 17:32:48,925 - DEBUG - Started GDALEnv: self=<rasterio._env.GDALEnv object at 0x10f8e9c90>.
2026-02-09 17:32:48,925 - DEBUG - Entered env context: <rasterio.env.Env object at 0x10f9a3c50>
2026-02-09 17:32:48,925 - DEBUG - VSI path: /vsimem/20d0194a-ea9d-4adc-82d5-b6c899a906ee/20d0194a-ea9d-4adc-82d5-b6c899a906ee.tif
2026-02-09 17:32:48,927 - DEBUG - Nodata success: 0, Nodata value: 0.000000
2026-02-09 17:32:48,927 - DEBUG - Dataset <open DatasetReader name='/vsimem/20d0194a-ea9d-4adc-82d5-b6c899a906ee/20d0194a-ea9d-4adc-82d5-b6c899a906ee.tif' mode='r'> is started.
2026-02-09 17:32:48,927 - DEBUG - Exiting env context: <rasterio.env.Env object at 0x10f9a3c50>
2026-02-09 17:32:48,927 - DEBUG - Cleared existing <rasterio._env.GDALEnv object at 0x10f8e9c90> options
2026-02-09 17:32:48,927 - DEBUG - Stopped GDALEnv <rasterio._env.GDALEnv object at 0x10f8e9c90>.
2026-02-09 17:32:48,927 - DEBUG - Exiting outermost env
2026-02-09 17:32:48,927 - DEBUG - Exited env context: <rasterio.env.Env object at 0x10f9a3c50>
2026-02-09 17:32:48,927 - DEBUG - Output nodata value read from file: None
2026-02-09 17:32:48,927 - DEBUG - Output nodata values: [None]
2026-02-09 17:32:48,928 - DEBUG - all_valid: True
2026-02-09 17:32:48,928 - DEBUG - mask_flags: ([<MaskFlags.all_valid: 1>],)
2026-02-09 17:32:48,928 - DEBUG - Jump straight to _read()
2026-02-09 17:32:48,928 - DEBUG - Window: None
2026-02-09 17:32:48,928 - DEBUG - IO window xoff=0.0 yoff=0.0 width=1226.0 height=1056.0
2026-02-09 17:32:48,977 - DEBUG - Set nodataval to 0
2026-02-09 17:32:48,987 - DEBUG - Output nodata value read from file: None
2026-02-09 17:32:48,987 - DEBUG - Output nodata values: [None]
2026-02-09 17:32:48,988 - DEBUG - all_valid: True
2026-02-09 17:32:48,988 - DEBUG - mask_flags: ([<MaskFlags.all_valid: 1>],)
2026-02-09 17:32:48,988 - DEBUG - Jump straight to _read()
2026-02-09 17:32:48,988 - DEBUG - Window: Window(col_off=np.float64(0.0), row_off=np.float64(-0.0), width=np.float64(1226.0), height=np.float64(1056.0))
2026-02-09 17:32:48,988 - DEBUG - IO window xoff=0.0 yoff=-0.0 width=1226.0 height=1056.0
2026-02-09 17:32:48,997 - DEBUG - Output nodata value read from file: None
2026-02-09 17:32:48,997 - DEBUG - Output nodata values: [None]
2026-02-09 17:32:48,997 - DEBUG - all_valid: True
2026-02-09 17:32:48,997 - DEBUG - mask_flags: ([<MaskFlags.all_valid: 1>],)
2026-02-09 17:32:48,997 - DEBUG - Jump straight to _read()
2026-02-09 17:32:48,997 - DEBUG - Window: Window(col_off=np.float64(0.0), row_off=np.float64(-0.0), width=np.float64(1226.0), height=np.float64(1056.0))
2026-02-09 17:32:48,997 - DEBUG - IO window xoff=0.0 yoff=-0.0 width=1226.0 height=1056.0
2026-02-09 17:32:49,028 - DEBUG - Output nodata value read from file: None
2026-02-09 17:32:49,028 - DEBUG - Output nodata values: [None]
2026-02-09 17:32:49,029 - DEBUG - all_valid: True
2026-02-09 17:32:49,029 - DEBUG - mask_flags: ([<MaskFlags.all_valid: 1>],)
2026-02-09 17:32:49,029 - DEBUG - Jump straight to _read()
2026-02-09 17:32:49,029 - DEBUG - Window: Window(col_off=np.float64(0.0), row_off=np.float64(-0.0), width=np.float64(1226.0), height=np.float64(1056.0))
2026-02-09 17:32:49,029 - DEBUG - IO window xoff=0.0 yoff=-0.0 width=1226.0 height=1056.0
2026-02-09 17:32:49,037 - DEBUG - Output nodata value read from file: None
2026-02-09 17:32:49,037 - DEBUG - Output nodata values: [None]
2026-02-09 17:32:49,037 - DEBUG - all_valid: True
2026-02-09 17:32:49,037 - DEBUG - mask_flags: ([<MaskFlags.all_valid: 1>],)
2026-02-09 17:32:49,037 - DEBUG - Jump straight to _read()
2026-02-09 17:32:49,038 - DEBUG - Window: Window(col_off=np.float64(0.0), row_off=np.float64(-0.0), width=np.float64(1226.0), height=np.float64(1056.0))
2026-02-09 17:32:49,038 - DEBUG - IO window xoff=0.0 yoff=-0.0 width=1226.0 height=1056.0
2026-02-09 17:32:49,052 - DEBUG - Entering env context: <rasterio.env.Env object at 0x10fb497f0>
2026-02-09 17:32:49,052 - DEBUG - Starting outermost env
2026-02-09 17:32:49,053 - DEBUG - No GDAL environment exists
2026-02-09 17:32:49,053 - DEBUG - New GDAL environment <rasterio._env.GDALEnv object at 0x10e566410> created
2026-02-09 17:32:49,053 - DEBUG - GDAL data found in package: path='/Users/red_dragon/Documents/projects/cdse_sinergise_planet/env/lib/python3.13/site-packages/rasterio/gdal_data'.
2026-02-09 17:32:49,053 - DEBUG - PROJ data found in package: path='/Users/red_dragon/Documents/projects/cdse_sinergise_planet/env/lib/python3.13/site-packages/rasterio/proj_data'.
2026-02-09 17:32:49,053 - DEBUG - Started GDALEnv: self=<rasterio._env.GDALEnv object at 0x10e566410>.
2026-02-09 17:32:49,053 - DEBUG - Entered env context: <rasterio.env.Env object at 0x10fb497f0>
2026-02-09 17:32:49,062 - DEBUG - Nodata success: 1, Nodata value: nan
2026-02-09 17:32:49,062 - DEBUG - Exiting env context: <rasterio.env.Env object at 0x10fb497f0>
2026-02-09 17:32:49,062 - DEBUG - Cleared existing <rasterio._env.GDALEnv object at 0x10e566410> options
2026-02-09 17:32:49,062 - DEBUG - Stopped GDALEnv <rasterio._env.GDALEnv object at 0x10e566410>.
2026-02-09 17:32:49,062 - DEBUG - Exiting outermost env
2026-02-09 17:32:49,062 - DEBUG - Exited env context: <rasterio.env.Env object at 0x10fb497f0>
2026-02-09 17:32:49,062 - DEBUG - Entering env context: <rasterio.env.Env object at 0x10f97e890>
2026-02-09 17:32:49,062 - DEBUG - Starting outermost env
2026-02-09 17:32:49,062 - DEBUG - No GDAL environment exists
2026-02-09 17:32:49,062 - DEBUG - New GDAL environment <rasterio._env.GDALEnv object at 0x10fb178e0> created
2026-02-09 17:32:49,062 - DEBUG - GDAL data found in package: path='/Users/red_dragon/Documents/projects/cdse_sinergise_planet/env/lib/python3.13/site-packages/rasterio/gdal_data'.
2026-02-09 17:32:49,062 - DEBUG - PROJ data found in package: path='/Users/red_dragon/Documents/projects/cdse_sinergise_planet/env/lib/python3.13/site-packages/rasterio/proj_data'.
2026-02-09 17:32:49,062 - DEBUG - Started GDALEnv: self=<rasterio._env.GDALEnv object at 0x10fb178e0>.
2026-02-09 17:32:49,062 - DEBUG - Entered env context: <rasterio.env.Env object at 0x10f97e890>
2026-02-09 17:32:49,110 - DEBUG - Exiting env context: <rasterio.env.Env object at 0x10f97e890>
2026-02-09 17:32:49,110 - DEBUG - Cleared existing <rasterio._env.GDALEnv object at 0x10fb178e0> options
2026-02-09 17:32:49,110 - DEBUG - Stopped GDALEnv <rasterio._env.GDALEnv object at 0x10fb178e0>.
2026-02-09 17:32:49,110 - DEBUG - Exiting outermost env
2026-02-09 17:32:49,110 - DEBUG - Exited env context: <rasterio.env.Env object at 0x10f97e890>
2026-02-09 17:32:49,110 - INFO - Picture saved graz_4_2025-08-09.tiff
2026-02-09 17:32:49,111 - DEBUG - Entering env context: <rasterio.env.Env object at 0x10f9cfd40>
2026-02-09 17:32:49,111 - DEBUG - Starting outermost env
2026-02-09 17:32:49,111 - DEBUG - No GDAL environment exists
2026-02-09 17:32:49,111 - DEBUG - New GDAL environment <rasterio._env.GDALEnv object at 0x10d81dfc0> created
2026-02-09 17:32:49,111 - DEBUG - GDAL data found in package: path='/Users/red_dragon/Documents/projects/cdse_sinergise_planet/env/lib/python3.13/site-packages/rasterio/gdal_data'.
2026-02-09 17:32:49,111 - DEBUG - PROJ data found in package: path='/Users/red_dragon/Documents/projects/cdse_sinergise_planet/env/lib/python3.13/site-packages/rasterio/proj_data'.
2026-02-09 17:32:49,111 - DEBUG - Started GDALEnv: self=<rasterio._env.GDALEnv object at 0x10d81dfc0>.
2026-02-09 17:32:49,111 - DEBUG - Entered env context: <rasterio.env.Env object at 0x10f9cfd40>
2026-02-09 17:32:49,112 - DEBUG - Nodata success: 1, Nodata value: nan
2026-02-09 17:32:49,113 - DEBUG - Dataset <open DatasetReader name='graz_4_2025-08-09.tiff' mode='r'> is started.
2026-02-09 17:32:49,113 - DEBUG - Exiting env context: <rasterio.env.Env object at 0x10f9cfd40>
2026-02-09 17:32:49,113 - DEBUG - Cleared existing <rasterio._env.GDALEnv object at 0x10d81dfc0> options
2026-02-09 17:32:49,113 - DEBUG - Stopped GDALEnv <rasterio._env.GDALEnv object at 0x10d81dfc0>.
2026-02-09 17:32:49,113 - DEBUG - Exiting outermost env
2026-02-09 17:32:49,113 - DEBUG - Exited env context: <rasterio.env.Env object at 0x10f9cfd40>
2026-02-09 17:32:49,113 - DEBUG - Entering env context: <rasterio.env.Env object at 0x10f92ff50>
2026-02-09 17:32:49,113 - DEBUG - Starting outermost env
2026-02-09 17:32:49,113 - DEBUG - No GDAL environment exists
2026-02-09 17:32:49,113 - DEBUG - New GDAL environment <rasterio._env.GDALEnv object at 0x10fb178e0> created
2026-02-09 17:32:49,113 - DEBUG - GDAL data found in package: path='/Users/red_dragon/Documents/projects/cdse_sinergise_planet/env/lib/python3.13/site-packages/rasterio/gdal_data'.
2026-02-09 17:32:49,114 - DEBUG - PROJ data found in package: path='/Users/red_dragon/Documents/projects/cdse_sinergise_planet/env/lib/python3.13/site-packages/rasterio/proj_data'.
2026-02-09 17:32:49,114 - DEBUG - Started GDALEnv: self=<rasterio._env.GDALEnv object at 0x10fb178e0>.
2026-02-09 17:32:49,114 - DEBUG - Entered env context: <rasterio.env.Env object at 0x10f92ff50>
2026-02-09 17:32:49,114 - DEBUG - Output nodata value read from file: nan
2026-02-09 17:32:49,114 - DEBUG - Output nodata values: [nan]
2026-02-09 17:32:49,114 - DEBUG - all_valid: False
2026-02-09 17:32:49,114 - DEBUG - mask_flags: ([<MaskFlags.nodata: 8>],)
2026-02-09 17:32:49,114 - DEBUG - Jump straight to _read()
2026-02-09 17:32:49,114 - DEBUG - Window: None
2026-02-09 17:32:49,114 - DEBUG - IO window xoff=0.0 yoff=0.0 width=2452.0 height=2112.0
2026-02-09 17:32:49,129 - DEBUG - Exiting env context: <rasterio.env.Env object at 0x10f92ff50>
2026-02-09 17:32:49,129 - DEBUG - Cleared existing <rasterio._env.GDALEnv object at 0x10fb178e0> options
2026-02-09 17:32:49,129 - DEBUG - Stopped GDALEnv <rasterio._env.GDALEnv object at 0x10fb178e0>.
2026-02-09 17:32:49,129 - DEBUG - Exiting outermost env
2026-02-09 17:32:49,129 - DEBUG - Exited env context: <rasterio.env.Env object at 0x10f92ff50>
2026-02-09 17:32:49,142 - DEBUG - {'shape': (2112, 2452), 'dtype': 'float32', 'valid_ratio': '1.00', 'values range': '-1.00:1.00', 'mean': '0.58', 'size': '19.77 MB'}
2026-02-09 17:32:49,142 - DEBUG - Downloading for 2025-08-12
2026-02-09 17:32:49,142 - DEBUG - [646832.3533706688, 5325528.473139578, 659089.0981330753, 5336086.522280935]
2026-02-09 17:32:49,143 - DEBUG - Starting new HTTPS connection (1): sh.dataspace.copernicus.eu:443
2026-02-09 17:32:51,126 - DEBUG - https://sh.dataspace.copernicus.eu:443 "POST /api/v1/process HTTP/1.1" 200 None
2026-02-09 17:32:55,458 - DEBUG - Entering env context: <rasterio.env.Env object at 0x10f92ff50>
2026-02-09 17:32:55,458 - DEBUG - Starting outermost env
2026-02-09 17:32:55,459 - DEBUG - No GDAL environment exists
2026-02-09 17:32:55,459 - DEBUG - New GDAL environment <rasterio._env.GDALEnv object at 0x10e611150> created
2026-02-09 17:32:55,459 - DEBUG - GDAL data found in package: path='/Users/red_dragon/Documents/projects/cdse_sinergise_planet/env/lib/python3.13/site-packages/rasterio/gdal_data'.
2026-02-09 17:32:55,459 - DEBUG - PROJ data found in package: path='/Users/red_dragon/Documents/projects/cdse_sinergise_planet/env/lib/python3.13/site-packages/rasterio/proj_data'.
2026-02-09 17:32:55,459 - DEBUG - Started GDALEnv: self=<rasterio._env.GDALEnv object at 0x10e611150>.
2026-02-09 17:32:55,459 - DEBUG - Entered env context: <rasterio.env.Env object at 0x10f92ff50>
2026-02-09 17:32:55,459 - DEBUG - VSI path: /vsimem/cd6f0bb3-c26d-4406-9c6d-3201558fab75/cd6f0bb3-c26d-4406-9c6d-3201558fab75.tif
2026-02-09 17:32:55,461 - DEBUG - Nodata success: 0, Nodata value: 0.000000
2026-02-09 17:32:55,461 - DEBUG - Dataset <open DatasetReader name='/vsimem/cd6f0bb3-c26d-4406-9c6d-3201558fab75/cd6f0bb3-c26d-4406-9c6d-3201558fab75.tif' mode='r'> is started.
2026-02-09 17:32:55,461 - DEBUG - Exiting env context: <rasterio.env.Env object at 0x10f92ff50>
2026-02-09 17:32:55,461 - DEBUG - Cleared existing <rasterio._env.GDALEnv object at 0x10e611150> options
2026-02-09 17:32:55,461 - DEBUG - Stopped GDALEnv <rasterio._env.GDALEnv object at 0x10e611150>.
2026-02-09 17:32:55,461 - DEBUG - Exiting outermost env
2026-02-09 17:32:55,461 - DEBUG - Exited env context: <rasterio.env.Env object at 0x10f92ff50>
2026-02-09 17:32:55,461 - DEBUG - Output nodata value read from file: None
2026-02-09 17:32:55,461 - DEBUG - Output nodata values: [None]
2026-02-09 17:32:55,461 - DEBUG - all_valid: True
2026-02-09 17:32:55,461 - DEBUG - mask_flags: ([<MaskFlags.all_valid: 1>],)
2026-02-09 17:32:55,462 - DEBUG - Jump straight to _read()
2026-02-09 17:32:55,462 - DEBUG - Window: None
2026-02-09 17:32:55,462 - DEBUG - IO window xoff=0.0 yoff=0.0 width=1226.0 height=1056.0
2026-02-09 17:32:55,492 - DEBUG - [659089.0981330753, 5325528.473139578, 671345.8428954817, 5336086.522280935]
2026-02-09 17:32:55,493 - DEBUG - Starting new HTTPS connection (1): sh.dataspace.copernicus.eu:443
2026-02-09 17:32:56,647 - DEBUG - https://sh.dataspace.copernicus.eu:443 "POST /api/v1/process HTTP/1.1" 200 None
2026-02-09 17:32:59,988 - DEBUG - Entering env context: <rasterio.env.Env object at 0x10fafda70>
2026-02-09 17:32:59,989 - DEBUG - Starting outermost env
2026-02-09 17:32:59,989 - DEBUG - No GDAL environment exists
2026-02-09 17:32:59,989 - DEBUG - New GDAL environment <rasterio._env.GDALEnv object at 0x10e946470> created
2026-02-09 17:32:59,989 - DEBUG - GDAL data found in package: path='/Users/red_dragon/Documents/projects/cdse_sinergise_planet/env/lib/python3.13/site-packages/rasterio/gdal_data'.
2026-02-09 17:32:59,989 - DEBUG - PROJ data found in package: path='/Users/red_dragon/Documents/projects/cdse_sinergise_planet/env/lib/python3.13/site-packages/rasterio/proj_data'.
2026-02-09 17:32:59,989 - DEBUG - Started GDALEnv: self=<rasterio._env.GDALEnv object at 0x10e946470>.
2026-02-09 17:32:59,990 - DEBUG - Entered env context: <rasterio.env.Env object at 0x10fafda70>
2026-02-09 17:32:59,990 - DEBUG - VSI path: /vsimem/092284a4-000d-4324-8dd0-650edd27d80c/092284a4-000d-4324-8dd0-650edd27d80c.tif
2026-02-09 17:32:59,990 - DEBUG - Nodata success: 0, Nodata value: 0.000000
2026-02-09 17:32:59,990 - DEBUG - Dataset <open DatasetReader name='/vsimem/092284a4-000d-4324-8dd0-650edd27d80c/092284a4-000d-4324-8dd0-650edd27d80c.tif' mode='r'> is started.
2026-02-09 17:32:59,990 - DEBUG - Exiting env context: <rasterio.env.Env object at 0x10fafda70>
2026-02-09 17:32:59,990 - DEBUG - Cleared existing <rasterio._env.GDALEnv object at 0x10e946470> options
2026-02-09 17:32:59,990 - DEBUG - Stopped GDALEnv <rasterio._env.GDALEnv object at 0x10e946470>.
2026-02-09 17:32:59,990 - DEBUG - Exiting outermost env
2026-02-09 17:32:59,991 - DEBUG - Exited env context: <rasterio.env.Env object at 0x10fafda70>
2026-02-09 17:32:59,991 - DEBUG - Output nodata value read from file: None
2026-02-09 17:32:59,991 - DEBUG - Output nodata values: [None]
2026-02-09 17:32:59,991 - DEBUG - all_valid: True
2026-02-09 17:32:59,991 - DEBUG - mask_flags: ([<MaskFlags.all_valid: 1>],)
2026-02-09 17:32:59,991 - DEBUG - Jump straight to _read()
2026-02-09 17:32:59,991 - DEBUG - Window: None
2026-02-09 17:32:59,991 - DEBUG - IO window xoff=0.0 yoff=0.0 width=1226.0 height=1056.0
2026-02-09 17:33:00,016 - DEBUG - [646832.3533706688, 5336086.522280935, 659089.0981330753, 5346644.571422293]
2026-02-09 17:33:00,017 - DEBUG - Starting new HTTPS connection (1): sh.dataspace.copernicus.eu:443
2026-02-09 17:33:01,131 - DEBUG - https://sh.dataspace.copernicus.eu:443 "POST /api/v1/process HTTP/1.1" 200 None
2026-02-09 17:33:04,463 - DEBUG - Entering env context: <rasterio.env.Env object at 0x10fafda70>
2026-02-09 17:33:04,463 - DEBUG - Starting outermost env
2026-02-09 17:33:04,463 - DEBUG - No GDAL environment exists
2026-02-09 17:33:04,463 - DEBUG - New GDAL environment <rasterio._env.GDALEnv object at 0x10e53c190> created
2026-02-09 17:33:04,463 - DEBUG - GDAL data found in package: path='/Users/red_dragon/Documents/projects/cdse_sinergise_planet/env/lib/python3.13/site-packages/rasterio/gdal_data'.
2026-02-09 17:33:04,463 - DEBUG - PROJ data found in package: path='/Users/red_dragon/Documents/projects/cdse_sinergise_planet/env/lib/python3.13/site-packages/rasterio/proj_data'.
2026-02-09 17:33:04,463 - DEBUG - Started GDALEnv: self=<rasterio._env.GDALEnv object at 0x10e53c190>.
2026-02-09 17:33:04,464 - DEBUG - Entered env context: <rasterio.env.Env object at 0x10fafda70>
2026-02-09 17:33:04,464 - DEBUG - VSI path: /vsimem/98dfc9c7-5339-4cb9-b19b-395da3405ac5/98dfc9c7-5339-4cb9-b19b-395da3405ac5.tif
2026-02-09 17:33:04,464 - DEBUG - Nodata success: 0, Nodata value: 0.000000
2026-02-09 17:33:04,464 - DEBUG - Dataset <open DatasetReader name='/vsimem/98dfc9c7-5339-4cb9-b19b-395da3405ac5/98dfc9c7-5339-4cb9-b19b-395da3405ac5.tif' mode='r'> is started.
2026-02-09 17:33:04,464 - DEBUG - Exiting env context: <rasterio.env.Env object at 0x10fafda70>
2026-02-09 17:33:04,465 - DEBUG - Cleared existing <rasterio._env.GDALEnv object at 0x10e53c190> options
2026-02-09 17:33:04,465 - DEBUG - Stopped GDALEnv <rasterio._env.GDALEnv object at 0x10e53c190>.
2026-02-09 17:33:04,465 - DEBUG - Exiting outermost env
2026-02-09 17:33:04,465 - DEBUG - Exited env context: <rasterio.env.Env object at 0x10fafda70>
2026-02-09 17:33:04,465 - DEBUG - Output nodata value read from file: None
2026-02-09 17:33:04,465 - DEBUG - Output nodata values: [None]
2026-02-09 17:33:04,465 - DEBUG - all_valid: True
2026-02-09 17:33:04,465 - DEBUG - mask_flags: ([<MaskFlags.all_valid: 1>],)
2026-02-09 17:33:04,465 - DEBUG - Jump straight to _read()
2026-02-09 17:33:04,465 - DEBUG - Window: None
2026-02-09 17:33:04,465 - DEBUG - IO window xoff=0.0 yoff=0.0 width=1226.0 height=1056.0
2026-02-09 17:33:04,497 - DEBUG - [659089.0981330753, 5336086.522280935, 671345.8428954817, 5346644.571422293]
2026-02-09 17:33:04,499 - DEBUG - Starting new HTTPS connection (1): sh.dataspace.copernicus.eu:443
2026-02-09 17:33:05,667 - DEBUG - https://sh.dataspace.copernicus.eu:443 "POST /api/v1/process HTTP/1.1" 200 None
2026-02-09 17:33:08,888 - DEBUG - Entering env context: <rasterio.env.Env object at 0x10fb2f1b0>
2026-02-09 17:33:08,888 - DEBUG - Starting outermost env
2026-02-09 17:33:08,888 - DEBUG - No GDAL environment exists
2026-02-09 17:33:08,888 - DEBUG - New GDAL environment <rasterio._env.GDALEnv object at 0x10f9a8d60> created
2026-02-09 17:33:08,889 - DEBUG - GDAL data found in package: path='/Users/red_dragon/Documents/projects/cdse_sinergise_planet/env/lib/python3.13/site-packages/rasterio/gdal_data'.
2026-02-09 17:33:08,889 - DEBUG - PROJ data found in package: path='/Users/red_dragon/Documents/projects/cdse_sinergise_planet/env/lib/python3.13/site-packages/rasterio/proj_data'.
2026-02-09 17:33:08,889 - DEBUG - Started GDALEnv: self=<rasterio._env.GDALEnv object at 0x10f9a8d60>.
2026-02-09 17:33:08,889 - DEBUG - Entered env context: <rasterio.env.Env object at 0x10fb2f1b0>
2026-02-09 17:33:08,889 - DEBUG - VSI path: /vsimem/4090cbda-26aa-4ec4-85ee-3224829160ad/4090cbda-26aa-4ec4-85ee-3224829160ad.tif
2026-02-09 17:33:08,890 - DEBUG - Nodata success: 0, Nodata value: 0.000000
2026-02-09 17:33:08,890 - DEBUG - Dataset <open DatasetReader name='/vsimem/4090cbda-26aa-4ec4-85ee-3224829160ad/4090cbda-26aa-4ec4-85ee-3224829160ad.tif' mode='r'> is started.
2026-02-09 17:33:08,891 - DEBUG - Exiting env context: <rasterio.env.Env object at 0x10fb2f1b0>
2026-02-09 17:33:08,891 - DEBUG - Cleared existing <rasterio._env.GDALEnv object at 0x10f9a8d60> options
2026-02-09 17:33:08,891 - DEBUG - Stopped GDALEnv <rasterio._env.GDALEnv object at 0x10f9a8d60>.
2026-02-09 17:33:08,891 - DEBUG - Exiting outermost env
2026-02-09 17:33:08,891 - DEBUG - Exited env context: <rasterio.env.Env object at 0x10fb2f1b0>
2026-02-09 17:33:08,891 - DEBUG - Output nodata value read from file: None
2026-02-09 17:33:08,891 - DEBUG - Output nodata values: [None]
2026-02-09 17:33:08,891 - DEBUG - all_valid: True
2026-02-09 17:33:08,891 - DEBUG - mask_flags: ([<MaskFlags.all_valid: 1>],)
2026-02-09 17:33:08,891 - DEBUG - Jump straight to _read()
2026-02-09 17:33:08,891 - DEBUG - Window: None
2026-02-09 17:33:08,891 - DEBUG - IO window xoff=0.0 yoff=0.0 width=1226.0 height=1056.0
2026-02-09 17:33:08,920 - DEBUG - Set nodataval to 0
2026-02-09 17:33:08,928 - DEBUG - Output nodata value read from file: None
2026-02-09 17:33:08,928 - DEBUG - Output nodata values: [None]
2026-02-09 17:33:08,928 - DEBUG - all_valid: True
2026-02-09 17:33:08,928 - DEBUG - mask_flags: ([<MaskFlags.all_valid: 1>],)
2026-02-09 17:33:08,928 - DEBUG - Jump straight to _read()
2026-02-09 17:33:08,928 - DEBUG - Window: Window(col_off=np.float64(0.0), row_off=np.float64(-0.0), width=np.float64(1226.0), height=np.float64(1056.0))
2026-02-09 17:33:08,928 - DEBUG - IO window xoff=0.0 yoff=-0.0 width=1226.0 height=1056.0
2026-02-09 17:33:08,940 - DEBUG - Output nodata value read from file: None
2026-02-09 17:33:08,941 - DEBUG - Output nodata values: [None]
2026-02-09 17:33:08,941 - DEBUG - all_valid: True
2026-02-09 17:33:08,941 - DEBUG - mask_flags: ([<MaskFlags.all_valid: 1>],)
2026-02-09 17:33:08,941 - DEBUG - Jump straight to _read()
2026-02-09 17:33:08,941 - DEBUG - Window: Window(col_off=np.float64(0.0), row_off=np.float64(-0.0), width=np.float64(1226.0), height=np.float64(1056.0))
2026-02-09 17:33:08,941 - DEBUG - IO window xoff=0.0 yoff=-0.0 width=1226.0 height=1056.0
2026-02-09 17:33:08,946 - DEBUG - Output nodata value read from file: None
2026-02-09 17:33:08,946 - DEBUG - Output nodata values: [None]
2026-02-09 17:33:08,946 - DEBUG - all_valid: True
2026-02-09 17:33:08,946 - DEBUG - mask_flags: ([<MaskFlags.all_valid: 1>],)
2026-02-09 17:33:08,946 - DEBUG - Jump straight to _read()
2026-02-09 17:33:08,946 - DEBUG - Window: Window(col_off=np.float64(0.0), row_off=np.float64(-0.0), width=np.float64(1226.0), height=np.float64(1056.0))
2026-02-09 17:33:08,947 - DEBUG - IO window xoff=0.0 yoff=-0.0 width=1226.0 height=1056.0
2026-02-09 17:33:08,962 - DEBUG - Output nodata value read from file: None
2026-02-09 17:33:08,962 - DEBUG - Output nodata values: [None]
2026-02-09 17:33:08,962 - DEBUG - all_valid: True
2026-02-09 17:33:08,962 - DEBUG - mask_flags: ([<MaskFlags.all_valid: 1>],)
2026-02-09 17:33:08,962 - DEBUG - Jump straight to _read()
2026-02-09 17:33:08,962 - DEBUG - Window: Window(col_off=np.float64(0.0), row_off=np.float64(-0.0), width=np.float64(1226.0), height=np.float64(1056.0))
2026-02-09 17:33:08,962 - DEBUG - IO window xoff=0.0 yoff=-0.0 width=1226.0 height=1056.0
2026-02-09 17:33:09,005 - DEBUG - Entering env context: <rasterio.env.Env object at 0x10fb2f070>
2026-02-09 17:33:09,005 - DEBUG - Starting outermost env
2026-02-09 17:33:09,005 - DEBUG - No GDAL environment exists
2026-02-09 17:33:09,005 - DEBUG - New GDAL environment <rasterio._env.GDALEnv object at 0x10a33c610> created
2026-02-09 17:33:09,006 - DEBUG - GDAL data found in package: path='/Users/red_dragon/Documents/projects/cdse_sinergise_planet/env/lib/python3.13/site-packages/rasterio/gdal_data'.
2026-02-09 17:33:09,006 - DEBUG - PROJ data found in package: path='/Users/red_dragon/Documents/projects/cdse_sinergise_planet/env/lib/python3.13/site-packages/rasterio/proj_data'.
2026-02-09 17:33:09,006 - DEBUG - Started GDALEnv: self=<rasterio._env.GDALEnv object at 0x10a33c610>.
2026-02-09 17:33:09,006 - DEBUG - Entered env context: <rasterio.env.Env object at 0x10fb2f070>
2026-02-09 17:33:09,015 - DEBUG - Nodata success: 1, Nodata value: nan
2026-02-09 17:33:09,016 - DEBUG - Exiting env context: <rasterio.env.Env object at 0x10fb2f070>
2026-02-09 17:33:09,016 - DEBUG - Cleared existing <rasterio._env.GDALEnv object at 0x10a33c610> options
2026-02-09 17:33:09,016 - DEBUG - Stopped GDALEnv <rasterio._env.GDALEnv object at 0x10a33c610>.
2026-02-09 17:33:09,016 - DEBUG - Exiting outermost env
2026-02-09 17:33:09,016 - DEBUG - Exited env context: <rasterio.env.Env object at 0x10fb2f070>
2026-02-09 17:33:09,016 - DEBUG - Entering env context: <rasterio.env.Env object at 0x10f9639b0>
2026-02-09 17:33:09,016 - DEBUG - Starting outermost env
2026-02-09 17:33:09,016 - DEBUG - No GDAL environment exists
2026-02-09 17:33:09,016 - DEBUG - New GDAL environment <rasterio._env.GDALEnv object at 0x10f9d3be0> created
2026-02-09 17:33:09,016 - DEBUG - GDAL data found in package: path='/Users/red_dragon/Documents/projects/cdse_sinergise_planet/env/lib/python3.13/site-packages/rasterio/gdal_data'.
2026-02-09 17:33:09,016 - DEBUG - PROJ data found in package: path='/Users/red_dragon/Documents/projects/cdse_sinergise_planet/env/lib/python3.13/site-packages/rasterio/proj_data'.
2026-02-09 17:33:09,016 - DEBUG - Started GDALEnv: self=<rasterio._env.GDALEnv object at 0x10f9d3be0>.
2026-02-09 17:33:09,016 - DEBUG - Entered env context: <rasterio.env.Env object at 0x10f9639b0>
2026-02-09 17:33:09,046 - DEBUG - Exiting env context: <rasterio.env.Env object at 0x10f9639b0>
2026-02-09 17:33:09,046 - DEBUG - Cleared existing <rasterio._env.GDALEnv object at 0x10f9d3be0> options
2026-02-09 17:33:09,046 - DEBUG - Stopped GDALEnv <rasterio._env.GDALEnv object at 0x10f9d3be0>.
2026-02-09 17:33:09,046 - DEBUG - Exiting outermost env
2026-02-09 17:33:09,046 - DEBUG - Exited env context: <rasterio.env.Env object at 0x10f9639b0>
2026-02-09 17:33:09,046 - INFO - Picture saved graz_4_2025-08-12.tiff
2026-02-09 17:33:09,046 - DEBUG - Entering env context: <rasterio.env.Env object at 0x10f9bf750>
2026-02-09 17:33:09,046 - DEBUG - Starting outermost env
2026-02-09 17:33:09,046 - DEBUG - No GDAL environment exists
2026-02-09 17:33:09,046 - DEBUG - New GDAL environment <rasterio._env.GDALEnv object at 0x10f9d3be0> created
2026-02-09 17:33:09,046 - DEBUG - GDAL data found in package: path='/Users/red_dragon/Documents/projects/cdse_sinergise_planet/env/lib/python3.13/site-packages/rasterio/gdal_data'.
2026-02-09 17:33:09,046 - DEBUG - PROJ data found in package: path='/Users/red_dragon/Documents/projects/cdse_sinergise_planet/env/lib/python3.13/site-packages/rasterio/proj_data'.
2026-02-09 17:33:09,046 - DEBUG - Started GDALEnv: self=<rasterio._env.GDALEnv object at 0x10f9d3be0>.
2026-02-09 17:33:09,047 - DEBUG - Entered env context: <rasterio.env.Env object at 0x10f9bf750>
2026-02-09 17:33:09,047 - DEBUG - Nodata success: 1, Nodata value: nan
2026-02-09 17:33:09,047 - DEBUG - Dataset <open DatasetReader name='graz_4_2025-08-12.tiff' mode='r'> is started.
2026-02-09 17:33:09,047 - DEBUG - Exiting env context: <rasterio.env.Env object at 0x10f9bf750>
2026-02-09 17:33:09,047 - DEBUG - Cleared existing <rasterio._env.GDALEnv object at 0x10f9d3be0> options
2026-02-09 17:33:09,047 - DEBUG - Stopped GDALEnv <rasterio._env.GDALEnv object at 0x10f9d3be0>.
2026-02-09 17:33:09,047 - DEBUG - Exiting outermost env
2026-02-09 17:33:09,047 - DEBUG - Exited env context: <rasterio.env.Env object at 0x10f9bf750>
2026-02-09 17:33:09,047 - DEBUG - Entering env context: <rasterio.env.Env object at 0x10f9bf750>
2026-02-09 17:33:09,047 - DEBUG - Starting outermost env
2026-02-09 17:33:09,047 - DEBUG - No GDAL environment exists
2026-02-09 17:33:09,047 - DEBUG - New GDAL environment <rasterio._env.GDALEnv object at 0x10a393c70> created
2026-02-09 17:33:09,047 - DEBUG - GDAL data found in package: path='/Users/red_dragon/Documents/projects/cdse_sinergise_planet/env/lib/python3.13/site-packages/rasterio/gdal_data'.
2026-02-09 17:33:09,047 - DEBUG - PROJ data found in package: path='/Users/red_dragon/Documents/projects/cdse_sinergise_planet/env/lib/python3.13/site-packages/rasterio/proj_data'.
2026-02-09 17:33:09,047 - DEBUG - Started GDALEnv: self=<rasterio._env.GDALEnv object at 0x10a393c70>.
2026-02-09 17:33:09,047 - DEBUG - Entered env context: <rasterio.env.Env object at 0x10f9bf750>
2026-02-09 17:33:09,047 - DEBUG - Output nodata value read from file: nan
2026-02-09 17:33:09,048 - DEBUG - Output nodata values: [nan]
2026-02-09 17:33:09,048 - DEBUG - all_valid: False
2026-02-09 17:33:09,048 - DEBUG - mask_flags: ([<MaskFlags.nodata: 8>],)
2026-02-09 17:33:09,048 - DEBUG - Jump straight to _read()
2026-02-09 17:33:09,048 - DEBUG - Window: None
2026-02-09 17:33:09,048 - DEBUG - IO window xoff=0.0 yoff=0.0 width=2452.0 height=2112.0
2026-02-09 17:33:09,060 - DEBUG - Exiting env context: <rasterio.env.Env object at 0x10f9bf750>
2026-02-09 17:33:09,060 - DEBUG - Cleared existing <rasterio._env.GDALEnv object at 0x10a393c70> options
2026-02-09 17:33:09,060 - DEBUG - Stopped GDALEnv <rasterio._env.GDALEnv object at 0x10a393c70>.
2026-02-09 17:33:09,060 - DEBUG - Exiting outermost env
2026-02-09 17:33:09,060 - DEBUG - Exited env context: <rasterio.env.Env object at 0x10f9bf750>
2026-02-09 17:33:09,073 - DEBUG - {'shape': (2112, 2452), 'dtype': 'float32', 'valid_ratio': '1.00', 'values range': '-0.64:1.00', 'mean': '0.59', 'size': '19.77 MB'}
2026-02-09 17:33:09,073 - DEBUG - Downloading for 2025-08-19
2026-02-09 17:33:09,073 - DEBUG - [646832.3533706688, 5325528.473139578, 659089.0981330753, 5336086.522280935]
2026-02-09 17:33:09,074 - DEBUG - Starting new HTTPS connection (1): sh.dataspace.copernicus.eu:443
2026-02-09 17:33:10,758 - DEBUG - https://sh.dataspace.copernicus.eu:443 "POST /api/v1/process HTTP/1.1" 200 None
2026-02-09 17:33:14,601 - DEBUG - Entering env context: <rasterio.env.Env object at 0x10fb404b0>
2026-02-09 17:33:14,601 - DEBUG - Starting outermost env
2026-02-09 17:33:14,601 - DEBUG - No GDAL environment exists
2026-02-09 17:33:14,601 - DEBUG - New GDAL environment <rasterio._env.GDALEnv object at 0x10a705600> created
2026-02-09 17:33:14,602 - DEBUG - GDAL data found in package: path='/Users/red_dragon/Documents/projects/cdse_sinergise_planet/env/lib/python3.13/site-packages/rasterio/gdal_data'.
2026-02-09 17:33:14,602 - DEBUG - PROJ data found in package: path='/Users/red_dragon/Documents/projects/cdse_sinergise_planet/env/lib/python3.13/site-packages/rasterio/proj_data'.
2026-02-09 17:33:14,602 - DEBUG - Started GDALEnv: self=<rasterio._env.GDALEnv object at 0x10a705600>.
2026-02-09 17:33:14,602 - DEBUG - Entered env context: <rasterio.env.Env object at 0x10fb404b0>
2026-02-09 17:33:14,602 - DEBUG - VSI path: /vsimem/ac279074-be3a-49b1-9e25-c02562536a72/ac279074-be3a-49b1-9e25-c02562536a72.tif
2026-02-09 17:33:14,604 - DEBUG - Nodata success: 0, Nodata value: 0.000000
2026-02-09 17:33:14,605 - DEBUG - Dataset <open DatasetReader name='/vsimem/ac279074-be3a-49b1-9e25-c02562536a72/ac279074-be3a-49b1-9e25-c02562536a72.tif' mode='r'> is started.
2026-02-09 17:33:14,605 - DEBUG - Exiting env context: <rasterio.env.Env object at 0x10fb404b0>
2026-02-09 17:33:14,605 - DEBUG - Cleared existing <rasterio._env.GDALEnv object at 0x10a705600> options
2026-02-09 17:33:14,605 - DEBUG - Stopped GDALEnv <rasterio._env.GDALEnv object at 0x10a705600>.
2026-02-09 17:33:14,605 - DEBUG - Exiting outermost env
2026-02-09 17:33:14,605 - DEBUG - Exited env context: <rasterio.env.Env object at 0x10fb404b0>
2026-02-09 17:33:14,605 - DEBUG - Output nodata value read from file: None
2026-02-09 17:33:14,605 - DEBUG - Output nodata values: [None]
2026-02-09 17:33:14,606 - DEBUG - all_valid: True
2026-02-09 17:33:14,606 - DEBUG - mask_flags: ([<MaskFlags.all_valid: 1>],)
2026-02-09 17:33:14,606 - DEBUG - Jump straight to _read()
2026-02-09 17:33:14,606 - DEBUG - Window: None
2026-02-09 17:33:14,606 - DEBUG - IO window xoff=0.0 yoff=0.0 width=1226.0 height=1056.0
2026-02-09 17:33:14,640 - DEBUG - [659089.0981330753, 5325528.473139578, 671345.8428954817, 5336086.522280935]
2026-02-09 17:33:14,642 - DEBUG - Starting new HTTPS connection (1): sh.dataspace.copernicus.eu:443
2026-02-09 17:33:15,709 - DEBUG - https://sh.dataspace.copernicus.eu:443 "POST /api/v1/process HTTP/1.1" 200 None
2026-02-09 17:33:19,202 - DEBUG - Entering env context: <rasterio.env.Env object at 0x10fb408a0>
2026-02-09 17:33:19,202 - DEBUG - Starting outermost env
2026-02-09 17:33:19,202 - DEBUG - No GDAL environment exists
2026-02-09 17:33:19,202 - DEBUG - New GDAL environment <rasterio._env.GDALEnv object at 0x10a393c70> created
2026-02-09 17:33:19,203 - DEBUG - GDAL data found in package: path='/Users/red_dragon/Documents/projects/cdse_sinergise_planet/env/lib/python3.13/site-packages/rasterio/gdal_data'.
2026-02-09 17:33:19,203 - DEBUG - PROJ data found in package: path='/Users/red_dragon/Documents/projects/cdse_sinergise_planet/env/lib/python3.13/site-packages/rasterio/proj_data'.
2026-02-09 17:33:19,203 - DEBUG - Started GDALEnv: self=<rasterio._env.GDALEnv object at 0x10a393c70>.
2026-02-09 17:33:19,203 - DEBUG - Entered env context: <rasterio.env.Env object at 0x10fb408a0>
2026-02-09 17:33:19,203 - DEBUG - VSI path: /vsimem/0e5acc4b-6306-43db-88fd-79ddac7c192f/0e5acc4b-6306-43db-88fd-79ddac7c192f.tif
2026-02-09 17:33:19,205 - DEBUG - Nodata success: 0, Nodata value: 0.000000
2026-02-09 17:33:19,205 - DEBUG - Dataset <open DatasetReader name='/vsimem/0e5acc4b-6306-43db-88fd-79ddac7c192f/0e5acc4b-6306-43db-88fd-79ddac7c192f.tif' mode='r'> is started.
2026-02-09 17:33:19,205 - DEBUG - Exiting env context: <rasterio.env.Env object at 0x10fb408a0>
2026-02-09 17:33:19,205 - DEBUG - Cleared existing <rasterio._env.GDALEnv object at 0x10a393c70> options
2026-02-09 17:33:19,205 - DEBUG - Stopped GDALEnv <rasterio._env.GDALEnv object at 0x10a393c70>.
2026-02-09 17:33:19,205 - DEBUG - Exiting outermost env
2026-02-09 17:33:19,205 - DEBUG - Exited env context: <rasterio.env.Env object at 0x10fb408a0>
2026-02-09 17:33:19,205 - DEBUG - Output nodata value read from file: None
2026-02-09 17:33:19,205 - DEBUG - Output nodata values: [None]
2026-02-09 17:33:19,205 - DEBUG - all_valid: True
2026-02-09 17:33:19,205 - DEBUG - mask_flags: ([<MaskFlags.all_valid: 1>],)
2026-02-09 17:33:19,206 - DEBUG - Jump straight to _read()
2026-02-09 17:33:19,206 - DEBUG - Window: None
2026-02-09 17:33:19,206 - DEBUG - IO window xoff=0.0 yoff=0.0 width=1226.0 height=1056.0
2026-02-09 17:33:19,232 - DEBUG - [646832.3533706688, 5336086.522280935, 659089.0981330753, 5346644.571422293]
2026-02-09 17:33:19,233 - DEBUG - Starting new HTTPS connection (1): sh.dataspace.copernicus.eu:443
2026-02-09 17:33:20,720 - DEBUG - https://sh.dataspace.copernicus.eu:443 "POST /api/v1/process HTTP/1.1" 200 None
2026-02-09 17:33:24,941 - DEBUG - Entering env context: <rasterio.env.Env object at 0x10fb409f0>
2026-02-09 17:33:24,942 - DEBUG - Starting outermost env
2026-02-09 17:33:24,942 - DEBUG - No GDAL environment exists
2026-02-09 17:33:24,942 - DEBUG - New GDAL environment <rasterio._env.GDALEnv object at 0x10e5f5b10> created
2026-02-09 17:33:24,942 - DEBUG - GDAL data found in package: path='/Users/red_dragon/Documents/projects/cdse_sinergise_planet/env/lib/python3.13/site-packages/rasterio/gdal_data'.
2026-02-09 17:33:24,942 - DEBUG - PROJ data found in package: path='/Users/red_dragon/Documents/projects/cdse_sinergise_planet/env/lib/python3.13/site-packages/rasterio/proj_data'.
2026-02-09 17:33:24,942 - DEBUG - Started GDALEnv: self=<rasterio._env.GDALEnv object at 0x10e5f5b10>.
2026-02-09 17:33:24,942 - DEBUG - Entered env context: <rasterio.env.Env object at 0x10fb409f0>
2026-02-09 17:33:24,942 - DEBUG - VSI path: /vsimem/1b626f97-db4f-4d07-a84e-c913cf9bb33d/1b626f97-db4f-4d07-a84e-c913cf9bb33d.tif
2026-02-09 17:33:24,944 - DEBUG - Nodata success: 0, Nodata value: 0.000000
2026-02-09 17:33:24,944 - DEBUG - Dataset <open DatasetReader name='/vsimem/1b626f97-db4f-4d07-a84e-c913cf9bb33d/1b626f97-db4f-4d07-a84e-c913cf9bb33d.tif' mode='r'> is started.
2026-02-09 17:33:24,944 - DEBUG - Exiting env context: <rasterio.env.Env object at 0x10fb409f0>
2026-02-09 17:33:24,944 - DEBUG - Cleared existing <rasterio._env.GDALEnv object at 0x10e5f5b10> options
2026-02-09 17:33:24,944 - DEBUG - Stopped GDALEnv <rasterio._env.GDALEnv object at 0x10e5f5b10>.
2026-02-09 17:33:24,944 - DEBUG - Exiting outermost env
2026-02-09 17:33:24,944 - DEBUG - Exited env context: <rasterio.env.Env object at 0x10fb409f0>
2026-02-09 17:33:24,944 - DEBUG - Output nodata value read from file: None
2026-02-09 17:33:24,944 - DEBUG - Output nodata values: [None]
2026-02-09 17:33:24,944 - DEBUG - all_valid: True
2026-02-09 17:33:24,944 - DEBUG - mask_flags: ([<MaskFlags.all_valid: 1>],)
2026-02-09 17:33:24,944 - DEBUG - Jump straight to _read()
2026-02-09 17:33:24,944 - DEBUG - Window: None
2026-02-09 17:33:24,944 - DEBUG - IO window xoff=0.0 yoff=0.0 width=1226.0 height=1056.0
2026-02-09 17:33:24,971 - DEBUG - [659089.0981330753, 5336086.522280935, 671345.8428954817, 5346644.571422293]
2026-02-09 17:33:24,972 - DEBUG - Starting new HTTPS connection (1): sh.dataspace.copernicus.eu:443
2026-02-09 17:33:26,669 - DEBUG - https://sh.dataspace.copernicus.eu:443 "POST /api/v1/process HTTP/1.1" 200 None
2026-02-09 17:33:29,932 - DEBUG - Entering env context: <rasterio.env.Env object at 0x10fb40590>
2026-02-09 17:33:29,933 - DEBUG - Starting outermost env
2026-02-09 17:33:29,933 - DEBUG - No GDAL environment exists
2026-02-09 17:33:29,934 - DEBUG - New GDAL environment <rasterio._env.GDALEnv object at 0x10fb17fa0> created
2026-02-09 17:33:29,934 - DEBUG - GDAL data found in package: path='/Users/red_dragon/Documents/projects/cdse_sinergise_planet/env/lib/python3.13/site-packages/rasterio/gdal_data'.
2026-02-09 17:33:29,934 - DEBUG - PROJ data found in package: path='/Users/red_dragon/Documents/projects/cdse_sinergise_planet/env/lib/python3.13/site-packages/rasterio/proj_data'.
2026-02-09 17:33:29,934 - DEBUG - Started GDALEnv: self=<rasterio._env.GDALEnv object at 0x10fb17fa0>.
2026-02-09 17:33:29,934 - DEBUG - Entered env context: <rasterio.env.Env object at 0x10fb40590>
2026-02-09 17:33:29,934 - DEBUG - VSI path: /vsimem/e47736f3-b373-4b4e-80ae-08c438713ee7/e47736f3-b373-4b4e-80ae-08c438713ee7.tif
2026-02-09 17:33:29,936 - DEBUG - Nodata success: 0, Nodata value: 0.000000
2026-02-09 17:33:29,936 - DEBUG - Dataset <open DatasetReader name='/vsimem/e47736f3-b373-4b4e-80ae-08c438713ee7/e47736f3-b373-4b4e-80ae-08c438713ee7.tif' mode='r'> is started.
2026-02-09 17:33:29,936 - DEBUG - Exiting env context: <rasterio.env.Env object at 0x10fb40590>
2026-02-09 17:33:29,936 - DEBUG - Cleared existing <rasterio._env.GDALEnv object at 0x10fb17fa0> options
2026-02-09 17:33:29,936 - DEBUG - Stopped GDALEnv <rasterio._env.GDALEnv object at 0x10fb17fa0>.
2026-02-09 17:33:29,936 - DEBUG - Exiting outermost env
2026-02-09 17:33:29,936 - DEBUG - Exited env context: <rasterio.env.Env object at 0x10fb40590>
2026-02-09 17:33:29,936 - DEBUG - Output nodata value read from file: None
2026-02-09 17:33:29,937 - DEBUG - Output nodata values: [None]
2026-02-09 17:33:29,937 - DEBUG - all_valid: True
2026-02-09 17:33:29,937 - DEBUG - mask_flags: ([<MaskFlags.all_valid: 1>],)
2026-02-09 17:33:29,937 - DEBUG - Jump straight to _read()
2026-02-09 17:33:29,937 - DEBUG - Window: None
2026-02-09 17:33:29,937 - DEBUG - IO window xoff=0.0 yoff=0.0 width=1226.0 height=1056.0
2026-02-09 17:33:29,963 - DEBUG - Set nodataval to 0
2026-02-09 17:33:29,968 - DEBUG - Output nodata value read from file: None
2026-02-09 17:33:29,968 - DEBUG - Output nodata values: [None]
2026-02-09 17:33:29,968 - DEBUG - all_valid: True
2026-02-09 17:33:29,968 - DEBUG - mask_flags: ([<MaskFlags.all_valid: 1>],)
2026-02-09 17:33:29,968 - DEBUG - Jump straight to _read()
2026-02-09 17:33:29,968 - DEBUG - Window: Window(col_off=np.float64(0.0), row_off=np.float64(-0.0), width=np.float64(1226.0), height=np.float64(1056.0))
2026-02-09 17:33:29,968 - DEBUG - IO window xoff=0.0 yoff=-0.0 width=1226.0 height=1056.0
2026-02-09 17:33:29,974 - DEBUG - Output nodata value read from file: None
2026-02-09 17:33:29,974 - DEBUG - Output nodata values: [None]
2026-02-09 17:33:29,974 - DEBUG - all_valid: True
2026-02-09 17:33:29,974 - DEBUG - mask_flags: ([<MaskFlags.all_valid: 1>],)
2026-02-09 17:33:29,974 - DEBUG - Jump straight to _read()
2026-02-09 17:33:29,974 - DEBUG - Window: Window(col_off=np.float64(0.0), row_off=np.float64(-0.0), width=np.float64(1226.0), height=np.float64(1056.0))
2026-02-09 17:33:29,974 - DEBUG - IO window xoff=0.0 yoff=-0.0 width=1226.0 height=1056.0
2026-02-09 17:33:29,979 - DEBUG - Output nodata value read from file: None
2026-02-09 17:33:29,980 - DEBUG - Output nodata values: [None]
2026-02-09 17:33:29,980 - DEBUG - all_valid: True
2026-02-09 17:33:29,980 - DEBUG - mask_flags: ([<MaskFlags.all_valid: 1>],)
2026-02-09 17:33:29,980 - DEBUG - Jump straight to _read()
2026-02-09 17:33:29,980 - DEBUG - Window: Window(col_off=np.float64(0.0), row_off=np.float64(-0.0), width=np.float64(1226.0), height=np.float64(1056.0))
2026-02-09 17:33:29,980 - DEBUG - IO window xoff=0.0 yoff=-0.0 width=1226.0 height=1056.0
2026-02-09 17:33:29,986 - DEBUG - Output nodata value read from file: None
2026-02-09 17:33:29,986 - DEBUG - Output nodata values: [None]
2026-02-09 17:33:29,986 - DEBUG - all_valid: True
2026-02-09 17:33:29,986 - DEBUG - mask_flags: ([<MaskFlags.all_valid: 1>],)
2026-02-09 17:33:29,986 - DEBUG - Jump straight to _read()
2026-02-09 17:33:29,986 - DEBUG - Window: Window(col_off=np.float64(0.0), row_off=np.float64(-0.0), width=np.float64(1226.0), height=np.float64(1056.0))
2026-02-09 17:33:29,986 - DEBUG - IO window xoff=0.0 yoff=-0.0 width=1226.0 height=1056.0
2026-02-09 17:33:29,992 - DEBUG - Entering env context: <rasterio.env.Env object at 0x10fb40590>
2026-02-09 17:33:29,992 - DEBUG - Starting outermost env
2026-02-09 17:33:29,992 - DEBUG - No GDAL environment exists
2026-02-09 17:33:29,992 - DEBUG - New GDAL environment <rasterio._env.GDALEnv object at 0x10f990190> created
2026-02-09 17:33:29,992 - DEBUG - GDAL data found in package: path='/Users/red_dragon/Documents/projects/cdse_sinergise_planet/env/lib/python3.13/site-packages/rasterio/gdal_data'.
2026-02-09 17:33:29,992 - DEBUG - PROJ data found in package: path='/Users/red_dragon/Documents/projects/cdse_sinergise_planet/env/lib/python3.13/site-packages/rasterio/proj_data'.
2026-02-09 17:33:29,992 - DEBUG - Started GDALEnv: self=<rasterio._env.GDALEnv object at 0x10f990190>.
2026-02-09 17:33:29,992 - DEBUG - Entered env context: <rasterio.env.Env object at 0x10fb40590>
2026-02-09 17:33:30,007 - DEBUG - Nodata success: 1, Nodata value: nan
2026-02-09 17:33:30,007 - DEBUG - Exiting env context: <rasterio.env.Env object at 0x10fb40590>
2026-02-09 17:33:30,007 - DEBUG - Cleared existing <rasterio._env.GDALEnv object at 0x10f990190> options
2026-02-09 17:33:30,007 - DEBUG - Stopped GDALEnv <rasterio._env.GDALEnv object at 0x10f990190>.
2026-02-09 17:33:30,007 - DEBUG - Exiting outermost env
2026-02-09 17:33:30,007 - DEBUG - Exited env context: <rasterio.env.Env object at 0x10fb40590>
2026-02-09 17:33:30,007 - DEBUG - Entering env context: <rasterio.env.Env object at 0x10fb40590>
2026-02-09 17:33:30,007 - DEBUG - Starting outermost env
2026-02-09 17:33:30,007 - DEBUG - No GDAL environment exists
2026-02-09 17:33:30,007 - DEBUG - New GDAL environment <rasterio._env.GDALEnv object at 0x10fb17490> created
2026-02-09 17:33:30,007 - DEBUG - GDAL data found in package: path='/Users/red_dragon/Documents/projects/cdse_sinergise_planet/env/lib/python3.13/site-packages/rasterio/gdal_data'.
2026-02-09 17:33:30,007 - DEBUG - PROJ data found in package: path='/Users/red_dragon/Documents/projects/cdse_sinergise_planet/env/lib/python3.13/site-packages/rasterio/proj_data'.
2026-02-09 17:33:30,007 - DEBUG - Started GDALEnv: self=<rasterio._env.GDALEnv object at 0x10fb17490>.
2026-02-09 17:33:30,007 - DEBUG - Entered env context: <rasterio.env.Env object at 0x10fb40590>
2026-02-09 17:33:30,031 - DEBUG - Exiting env context: <rasterio.env.Env object at 0x10fb40590>
2026-02-09 17:33:30,031 - DEBUG - Cleared existing <rasterio._env.GDALEnv object at 0x10fb17490> options
2026-02-09 17:33:30,031 - DEBUG - Stopped GDALEnv <rasterio._env.GDALEnv object at 0x10fb17490>.
2026-02-09 17:33:30,031 - DEBUG - Exiting outermost env
2026-02-09 17:33:30,031 - DEBUG - Exited env context: <rasterio.env.Env object at 0x10fb40590>
2026-02-09 17:33:30,032 - INFO - Picture saved graz_4_2025-08-19.tiff
2026-02-09 17:33:30,032 - DEBUG - Entering env context: <rasterio.env.Env object at 0x10fb40590>
2026-02-09 17:33:30,032 - DEBUG - Starting outermost env
2026-02-09 17:33:30,032 - DEBUG - No GDAL environment exists
2026-02-09 17:33:30,032 - DEBUG - New GDAL environment <rasterio._env.GDALEnv object at 0x10f990190> created
2026-02-09 17:33:30,032 - DEBUG - GDAL data found in package: path='/Users/red_dragon/Documents/projects/cdse_sinergise_planet/env/lib/python3.13/site-packages/rasterio/gdal_data'.
2026-02-09 17:33:30,032 - DEBUG - PROJ data found in package: path='/Users/red_dragon/Documents/projects/cdse_sinergise_planet/env/lib/python3.13/site-packages/rasterio/proj_data'.
2026-02-09 17:33:30,032 - DEBUG - Started GDALEnv: self=<rasterio._env.GDALEnv object at 0x10f990190>.
2026-02-09 17:33:30,032 - DEBUG - Entered env context: <rasterio.env.Env object at 0x10fb40590>
2026-02-09 17:33:30,033 - DEBUG - Nodata success: 1, Nodata value: nan
2026-02-09 17:33:30,033 - DEBUG - Dataset <open DatasetReader name='graz_4_2025-08-19.tiff' mode='r'> is started.
2026-02-09 17:33:30,033 - DEBUG - Exiting env context: <rasterio.env.Env object at 0x10fb40590>
2026-02-09 17:33:30,033 - DEBUG - Cleared existing <rasterio._env.GDALEnv object at 0x10f990190> options
2026-02-09 17:33:30,033 - DEBUG - Stopped GDALEnv <rasterio._env.GDALEnv object at 0x10f990190>.
2026-02-09 17:33:30,033 - DEBUG - Exiting outermost env
2026-02-09 17:33:30,033 - DEBUG - Exited env context: <rasterio.env.Env object at 0x10fb40590>
2026-02-09 17:33:30,033 - DEBUG - Entering env context: <rasterio.env.Env object at 0x10fb40590>
2026-02-09 17:33:30,033 - DEBUG - Starting outermost env
2026-02-09 17:33:30,033 - DEBUG - No GDAL environment exists
2026-02-09 17:33:30,033 - DEBUG - New GDAL environment <rasterio._env.GDALEnv object at 0x10f91a050> created
2026-02-09 17:33:30,033 - DEBUG - GDAL data found in package: path='/Users/red_dragon/Documents/projects/cdse_sinergise_planet/env/lib/python3.13/site-packages/rasterio/gdal_data'.
2026-02-09 17:33:30,033 - DEBUG - PROJ data found in package: path='/Users/red_dragon/Documents/projects/cdse_sinergise_planet/env/lib/python3.13/site-packages/rasterio/proj_data'.
2026-02-09 17:33:30,033 - DEBUG - Started GDALEnv: self=<rasterio._env.GDALEnv object at 0x10f91a050>.
2026-02-09 17:33:30,033 - DEBUG - Entered env context: <rasterio.env.Env object at 0x10fb40590>
2026-02-09 17:33:30,033 - DEBUG - Output nodata value read from file: nan
2026-02-09 17:33:30,033 - DEBUG - Output nodata values: [nan]
2026-02-09 17:33:30,033 - DEBUG - all_valid: False
2026-02-09 17:33:30,033 - DEBUG - mask_flags: ([<MaskFlags.nodata: 8>],)
2026-02-09 17:33:30,033 - DEBUG - Jump straight to _read()
2026-02-09 17:33:30,033 - DEBUG - Window: None
2026-02-09 17:33:30,033 - DEBUG - IO window xoff=0.0 yoff=0.0 width=2452.0 height=2112.0
2026-02-09 17:33:30,042 - DEBUG - Exiting env context: <rasterio.env.Env object at 0x10fb40590>
2026-02-09 17:33:30,042 - DEBUG - Cleared existing <rasterio._env.GDALEnv object at 0x10f91a050> options
2026-02-09 17:33:30,042 - DEBUG - Stopped GDALEnv <rasterio._env.GDALEnv object at 0x10f91a050>.
2026-02-09 17:33:30,042 - DEBUG - Exiting outermost env
2026-02-09 17:33:30,042 - DEBUG - Exited env context: <rasterio.env.Env object at 0x10fb40590>
2026-02-09 17:33:30,052 - DEBUG - {'shape': (2112, 2452), 'dtype': 'float32', 'valid_ratio': '1.00', 'values range': '-0.71:1.00', 'mean': '0.57', 'size': '19.77 MB'}
2026-02-09 17:33:30,052 - DEBUG - Downloading for 2025-08-22
2026-02-09 17:33:30,052 - DEBUG - [646832.3533706688, 5325528.473139578, 659089.0981330753, 5336086.522280935]
2026-02-09 17:33:30,053 - DEBUG - Starting new HTTPS connection (1): sh.dataspace.copernicus.eu:443
2026-02-09 17:33:32,264 - DEBUG - https://sh.dataspace.copernicus.eu:443 "POST /api/v1/process HTTP/1.1" 200 None
2026-02-09 17:33:32,267 - DEBUG - Entering env context: <rasterio.env.Env object at 0x10fb40910>
2026-02-09 17:33:32,267 - DEBUG - Starting outermost env
2026-02-09 17:33:32,267 - DEBUG - No GDAL environment exists
2026-02-09 17:33:32,267 - DEBUG - New GDAL environment <rasterio._env.GDALEnv object at 0x10fb17a60> created
2026-02-09 17:33:32,268 - DEBUG - GDAL data found in package: path='/Users/red_dragon/Documents/projects/cdse_sinergise_planet/env/lib/python3.13/site-packages/rasterio/gdal_data'.
2026-02-09 17:33:32,268 - DEBUG - PROJ data found in package: path='/Users/red_dragon/Documents/projects/cdse_sinergise_planet/env/lib/python3.13/site-packages/rasterio/proj_data'.
2026-02-09 17:33:32,268 - DEBUG - Started GDALEnv: self=<rasterio._env.GDALEnv object at 0x10fb17a60>.
2026-02-09 17:33:32,268 - DEBUG - Entered env context: <rasterio.env.Env object at 0x10fb40910>
2026-02-09 17:33:32,268 - DEBUG - VSI path: /vsimem/47fe8800-aa34-43c1-9cf8-a58794387baf/47fe8800-aa34-43c1-9cf8-a58794387baf.tif
2026-02-09 17:33:32,270 - DEBUG - Nodata success: 0, Nodata value: 0.000000
2026-02-09 17:33:32,270 - DEBUG - Dataset <open DatasetReader name='/vsimem/47fe8800-aa34-43c1-9cf8-a58794387baf/47fe8800-aa34-43c1-9cf8-a58794387baf.tif' mode='r'> is started.
2026-02-09 17:33:32,270 - DEBUG - Exiting env context: <rasterio.env.Env object at 0x10fb40910>
2026-02-09 17:33:32,270 - DEBUG - Cleared existing <rasterio._env.GDALEnv object at 0x10fb17a60> options
2026-02-09 17:33:32,270 - DEBUG - Stopped GDALEnv <rasterio._env.GDALEnv object at 0x10fb17a60>.
2026-02-09 17:33:32,270 - DEBUG - Exiting outermost env
2026-02-09 17:33:32,270 - DEBUG - Exited env context: <rasterio.env.Env object at 0x10fb40910>
2026-02-09 17:33:32,270 - DEBUG - Output nodata value read from file: None
2026-02-09 17:33:32,270 - DEBUG - Output nodata values: [None]
2026-02-09 17:33:32,271 - DEBUG - all_valid: True
2026-02-09 17:33:32,271 - DEBUG - mask_flags: ([<MaskFlags.all_valid: 1>],)
2026-02-09 17:33:32,271 - DEBUG - Jump straight to _read()
2026-02-09 17:33:32,271 - DEBUG - Window: None
2026-02-09 17:33:32,271 - DEBUG - IO window xoff=0.0 yoff=0.0 width=1226.0 height=1056.0
2026-02-09 17:33:32,281 - DEBUG - [659089.0981330753, 5325528.473139578, 671345.8428954817, 5336086.522280935]
2026-02-09 17:33:32,281 - DEBUG - Starting new HTTPS connection (1): sh.dataspace.copernicus.eu:443
2026-02-09 17:33:33,521 - DEBUG - https://sh.dataspace.copernicus.eu:443 "POST /api/v1/process HTTP/1.1" 200 None
2026-02-09 17:33:33,524 - DEBUG - Entering env context: <rasterio.env.Env object at 0x10fb406e0>
2026-02-09 17:33:33,525 - DEBUG - Starting outermost env
2026-02-09 17:33:33,525 - DEBUG - No GDAL environment exists
2026-02-09 17:33:33,525 - DEBUG - New GDAL environment <rasterio._env.GDALEnv object at 0x10f990190> created
2026-02-09 17:33:33,525 - DEBUG - GDAL data found in package: path='/Users/red_dragon/Documents/projects/cdse_sinergise_planet/env/lib/python3.13/site-packages/rasterio/gdal_data'.
2026-02-09 17:33:33,525 - DEBUG - PROJ data found in package: path='/Users/red_dragon/Documents/projects/cdse_sinergise_planet/env/lib/python3.13/site-packages/rasterio/proj_data'.
2026-02-09 17:33:33,525 - DEBUG - Started GDALEnv: self=<rasterio._env.GDALEnv object at 0x10f990190>.
2026-02-09 17:33:33,525 - DEBUG - Entered env context: <rasterio.env.Env object at 0x10fb406e0>
2026-02-09 17:33:33,525 - DEBUG - VSI path: /vsimem/ad77ae5b-2d36-4359-a95f-7e40b03ce207/ad77ae5b-2d36-4359-a95f-7e40b03ce207.tif
2026-02-09 17:33:33,527 - DEBUG - Nodata success: 0, Nodata value: 0.000000
2026-02-09 17:33:33,527 - DEBUG - Dataset <open DatasetReader name='/vsimem/ad77ae5b-2d36-4359-a95f-7e40b03ce207/ad77ae5b-2d36-4359-a95f-7e40b03ce207.tif' mode='r'> is started.
2026-02-09 17:33:33,527 - DEBUG - Exiting env context: <rasterio.env.Env object at 0x10fb406e0>
2026-02-09 17:33:33,527 - DEBUG - Cleared existing <rasterio._env.GDALEnv object at 0x10f990190> options
2026-02-09 17:33:33,527 - DEBUG - Stopped GDALEnv <rasterio._env.GDALEnv object at 0x10f990190>.
2026-02-09 17:33:33,527 - DEBUG - Exiting outermost env
2026-02-09 17:33:33,528 - DEBUG - Exited env context: <rasterio.env.Env object at 0x10fb406e0>
2026-02-09 17:33:33,528 - DEBUG - Output nodata value read from file: None
2026-02-09 17:33:33,528 - DEBUG - Output nodata values: [None]
2026-02-09 17:33:33,528 - DEBUG - all_valid: True
2026-02-09 17:33:33,528 - DEBUG - mask_flags: ([<MaskFlags.all_valid: 1>],)
2026-02-09 17:33:33,528 - DEBUG - Jump straight to _read()
2026-02-09 17:33:33,528 - DEBUG - Window: None
2026-02-09 17:33:33,528 - DEBUG - IO window xoff=0.0 yoff=0.0 width=1226.0 height=1056.0
2026-02-09 17:33:33,539 - DEBUG - [646832.3533706688, 5336086.522280935, 659089.0981330753, 5346644.571422293]
2026-02-09 17:33:33,540 - DEBUG - Starting new HTTPS connection (1): sh.dataspace.copernicus.eu:443
2026-02-09 17:33:34,544 - DEBUG - https://sh.dataspace.copernicus.eu:443 "POST /api/v1/process HTTP/1.1" 200 None
2026-02-09 17:33:34,592 - DEBUG - Entering env context: <rasterio.env.Env object at 0x10fb41c50>
2026-02-09 17:33:34,592 - DEBUG - Starting outermost env
2026-02-09 17:33:34,592 - DEBUG - No GDAL environment exists
2026-02-09 17:33:34,592 - DEBUG - New GDAL environment <rasterio._env.GDALEnv object at 0x10dd9c610> created
2026-02-09 17:33:34,593 - DEBUG - GDAL data found in package: path='/Users/red_dragon/Documents/projects/cdse_sinergise_planet/env/lib/python3.13/site-packages/rasterio/gdal_data'.
2026-02-09 17:33:34,593 - DEBUG - PROJ data found in package: path='/Users/red_dragon/Documents/projects/cdse_sinergise_planet/env/lib/python3.13/site-packages/rasterio/proj_data'.
2026-02-09 17:33:34,593 - DEBUG - Started GDALEnv: self=<rasterio._env.GDALEnv object at 0x10dd9c610>.
2026-02-09 17:33:34,593 - DEBUG - Entered env context: <rasterio.env.Env object at 0x10fb41c50>
2026-02-09 17:33:34,593 - DEBUG - VSI path: /vsimem/209d5e06-9a96-49d0-a104-96dd390dcffe/209d5e06-9a96-49d0-a104-96dd390dcffe.tif
2026-02-09 17:33:34,593 - DEBUG - Nodata success: 0, Nodata value: 0.000000
2026-02-09 17:33:34,594 - DEBUG - Dataset <open DatasetReader name='/vsimem/209d5e06-9a96-49d0-a104-96dd390dcffe/209d5e06-9a96-49d0-a104-96dd390dcffe.tif' mode='r'> is started.
2026-02-09 17:33:34,594 - DEBUG - Exiting env context: <rasterio.env.Env object at 0x10fb41c50>
2026-02-09 17:33:34,594 - DEBUG - Cleared existing <rasterio._env.GDALEnv object at 0x10dd9c610> options
2026-02-09 17:33:34,594 - DEBUG - Stopped GDALEnv <rasterio._env.GDALEnv object at 0x10dd9c610>.
2026-02-09 17:33:34,594 - DEBUG - Exiting outermost env
2026-02-09 17:33:34,594 - DEBUG - Exited env context: <rasterio.env.Env object at 0x10fb41c50>
2026-02-09 17:33:34,594 - DEBUG - Output nodata value read from file: None
2026-02-09 17:33:34,594 - DEBUG - Output nodata values: [None]
2026-02-09 17:33:34,594 - DEBUG - all_valid: True
2026-02-09 17:33:34,594 - DEBUG - mask_flags: ([<MaskFlags.all_valid: 1>],)
2026-02-09 17:33:34,594 - DEBUG - Jump straight to _read()
2026-02-09 17:33:34,594 - DEBUG - Window: None
2026-02-09 17:33:34,594 - DEBUG - IO window xoff=0.0 yoff=0.0 width=1226.0 height=1056.0
2026-02-09 17:33:34,600 - DEBUG - [659089.0981330753, 5336086.522280935, 671345.8428954817, 5346644.571422293]
2026-02-09 17:33:34,601 - DEBUG - Starting new HTTPS connection (1): sh.dataspace.copernicus.eu:443
2026-02-09 17:33:35,568 - DEBUG - https://sh.dataspace.copernicus.eu:443 "POST /api/v1/process HTTP/1.1" 200 None
2026-02-09 17:33:35,571 - DEBUG - Entering env context: <rasterio.env.Env object at 0x10fb40b40>
2026-02-09 17:33:35,571 - DEBUG - Starting outermost env
2026-02-09 17:33:35,571 - DEBUG - No GDAL environment exists
2026-02-09 17:33:35,571 - DEBUG - New GDAL environment <rasterio._env.GDALEnv object at 0x10fb58a60> created
2026-02-09 17:33:35,572 - DEBUG - GDAL data found in package: path='/Users/red_dragon/Documents/projects/cdse_sinergise_planet/env/lib/python3.13/site-packages/rasterio/gdal_data'.
2026-02-09 17:33:35,572 - DEBUG - PROJ data found in package: path='/Users/red_dragon/Documents/projects/cdse_sinergise_planet/env/lib/python3.13/site-packages/rasterio/proj_data'.
2026-02-09 17:33:35,572 - DEBUG - Started GDALEnv: self=<rasterio._env.GDALEnv object at 0x10fb58a60>.
2026-02-09 17:33:35,572 - DEBUG - Entered env context: <rasterio.env.Env object at 0x10fb40b40>
2026-02-09 17:33:35,572 - DEBUG - VSI path: /vsimem/d87e3f66-f64d-49c0-a913-409a7977c70c/d87e3f66-f64d-49c0-a913-409a7977c70c.tif
2026-02-09 17:33:35,573 - DEBUG - Nodata success: 0, Nodata value: 0.000000
2026-02-09 17:33:35,573 - DEBUG - Dataset <open DatasetReader name='/vsimem/d87e3f66-f64d-49c0-a913-409a7977c70c/d87e3f66-f64d-49c0-a913-409a7977c70c.tif' mode='r'> is started.
2026-02-09 17:33:35,573 - DEBUG - Exiting env context: <rasterio.env.Env object at 0x10fb40b40>
2026-02-09 17:33:35,573 - DEBUG - Cleared existing <rasterio._env.GDALEnv object at 0x10fb58a60> options
2026-02-09 17:33:35,574 - DEBUG - Stopped GDALEnv <rasterio._env.GDALEnv object at 0x10fb58a60>.
2026-02-09 17:33:35,574 - DEBUG - Exiting outermost env
2026-02-09 17:33:35,574 - DEBUG - Exited env context: <rasterio.env.Env object at 0x10fb40b40>
2026-02-09 17:33:35,574 - DEBUG - Output nodata value read from file: None
2026-02-09 17:33:35,574 - DEBUG - Output nodata values: [None]
2026-02-09 17:33:35,574 - DEBUG - all_valid: True
2026-02-09 17:33:35,574 - DEBUG - mask_flags: ([<MaskFlags.all_valid: 1>],)
2026-02-09 17:33:35,574 - DEBUG - Jump straight to _read()
2026-02-09 17:33:35,574 - DEBUG - Window: None
2026-02-09 17:33:35,574 - DEBUG - IO window xoff=0.0 yoff=0.0 width=1226.0 height=1056.0
2026-02-09 17:33:35,587 - DEBUG - Set nodataval to 0
2026-02-09 17:33:35,591 - DEBUG - Output nodata value read from file: None
2026-02-09 17:33:35,592 - DEBUG - Output nodata values: [None]
2026-02-09 17:33:35,592 - DEBUG - all_valid: True
2026-02-09 17:33:35,592 - DEBUG - mask_flags: ([<MaskFlags.all_valid: 1>],)
2026-02-09 17:33:35,592 - DEBUG - Jump straight to _read()
2026-02-09 17:33:35,592 - DEBUG - Window: Window(col_off=np.float64(0.0), row_off=np.float64(-0.0), width=np.float64(1226.0), height=np.float64(1056.0))
2026-02-09 17:33:35,592 - DEBUG - IO window xoff=0.0 yoff=-0.0 width=1226.0 height=1056.0
2026-02-09 17:33:35,599 - DEBUG - Output nodata value read from file: None
2026-02-09 17:33:35,599 - DEBUG - Output nodata values: [None]
2026-02-09 17:33:35,599 - DEBUG - all_valid: True
2026-02-09 17:33:35,600 - DEBUG - mask_flags: ([<MaskFlags.all_valid: 1>],)
2026-02-09 17:33:35,600 - DEBUG - Jump straight to _read()
2026-02-09 17:33:35,600 - DEBUG - Window: Window(col_off=np.float64(0.0), row_off=np.float64(-0.0), width=np.float64(1226.0), height=np.float64(1056.0))
2026-02-09 17:33:35,600 - DEBUG - IO window xoff=0.0 yoff=-0.0 width=1226.0 height=1056.0
2026-02-09 17:33:35,606 - DEBUG - Output nodata value read from file: None
2026-02-09 17:33:35,606 - DEBUG - Output nodata values: [None]
2026-02-09 17:33:35,606 - DEBUG - all_valid: True
2026-02-09 17:33:35,606 - DEBUG - mask_flags: ([<MaskFlags.all_valid: 1>],)
2026-02-09 17:33:35,606 - DEBUG - Jump straight to _read()
2026-02-09 17:33:35,606 - DEBUG - Window: Window(col_off=np.float64(0.0), row_off=np.float64(-0.0), width=np.float64(1226.0), height=np.float64(1056.0))
2026-02-09 17:33:35,606 - DEBUG - IO window xoff=0.0 yoff=-0.0 width=1226.0 height=1056.0
2026-02-09 17:33:35,612 - DEBUG - Output nodata value read from file: None
2026-02-09 17:33:35,612 - DEBUG - Output nodata values: [None]
2026-02-09 17:33:35,612 - DEBUG - all_valid: True
2026-02-09 17:33:35,612 - DEBUG - mask_flags: ([<MaskFlags.all_valid: 1>],)
2026-02-09 17:33:35,612 - DEBUG - Jump straight to _read()
2026-02-09 17:33:35,613 - DEBUG - Window: Window(col_off=np.float64(0.0), row_off=np.float64(-0.0), width=np.float64(1226.0), height=np.float64(1056.0))
2026-02-09 17:33:35,613 - DEBUG - IO window xoff=0.0 yoff=-0.0 width=1226.0 height=1056.0
2026-02-09 17:33:35,622 - DEBUG - Entering env context: <rasterio.env.Env object at 0x10fb40b40>
2026-02-09 17:33:35,622 - DEBUG - Starting outermost env
2026-02-09 17:33:35,622 - DEBUG - No GDAL environment exists
2026-02-09 17:33:35,622 - DEBUG - New GDAL environment <rasterio._env.GDALEnv object at 0x10a706590> created
2026-02-09 17:33:35,622 - DEBUG - GDAL data found in package: path='/Users/red_dragon/Documents/projects/cdse_sinergise_planet/env/lib/python3.13/site-packages/rasterio/gdal_data'.
2026-02-09 17:33:35,622 - DEBUG - PROJ data found in package: path='/Users/red_dragon/Documents/projects/cdse_sinergise_planet/env/lib/python3.13/site-packages/rasterio/proj_data'.
2026-02-09 17:33:35,622 - DEBUG - Started GDALEnv: self=<rasterio._env.GDALEnv object at 0x10a706590>.
2026-02-09 17:33:35,622 - DEBUG - Entered env context: <rasterio.env.Env object at 0x10fb40b40>
2026-02-09 17:33:35,637 - DEBUG - Nodata success: 1, Nodata value: nan
2026-02-09 17:33:35,637 - DEBUG - Exiting env context: <rasterio.env.Env object at 0x10fb40b40>
2026-02-09 17:33:35,637 - DEBUG - Cleared existing <rasterio._env.GDALEnv object at 0x10a706590> options
2026-02-09 17:33:35,637 - DEBUG - Stopped GDALEnv <rasterio._env.GDALEnv object at 0x10a706590>.
2026-02-09 17:33:35,637 - DEBUG - Exiting outermost env
2026-02-09 17:33:35,637 - DEBUG - Exited env context: <rasterio.env.Env object at 0x10fb40b40>
2026-02-09 17:33:35,637 - DEBUG - Entering env context: <rasterio.env.Env object at 0x10fb40b40>
2026-02-09 17:33:35,637 - DEBUG - Starting outermost env
2026-02-09 17:33:35,637 - DEBUG - No GDAL environment exists
2026-02-09 17:33:35,637 - DEBUG - New GDAL environment <rasterio._env.GDALEnv object at 0x10d81e2f0> created
2026-02-09 17:33:35,637 - DEBUG - GDAL data found in package: path='/Users/red_dragon/Documents/projects/cdse_sinergise_planet/env/lib/python3.13/site-packages/rasterio/gdal_data'.
2026-02-09 17:33:35,637 - DEBUG - PROJ data found in package: path='/Users/red_dragon/Documents/projects/cdse_sinergise_planet/env/lib/python3.13/site-packages/rasterio/proj_data'.
2026-02-09 17:33:35,637 - DEBUG - Started GDALEnv: self=<rasterio._env.GDALEnv object at 0x10d81e2f0>.
2026-02-09 17:33:35,637 - DEBUG - Entered env context: <rasterio.env.Env object at 0x10fb40b40>
2026-02-09 17:33:35,691 - DEBUG - Exiting env context: <rasterio.env.Env object at 0x10fb40b40>
2026-02-09 17:33:35,692 - DEBUG - Cleared existing <rasterio._env.GDALEnv object at 0x10d81e2f0> options
2026-02-09 17:33:35,692 - DEBUG - Stopped GDALEnv <rasterio._env.GDALEnv object at 0x10d81e2f0>.
2026-02-09 17:33:35,692 - DEBUG - Exiting outermost env
2026-02-09 17:33:35,692 - DEBUG - Exited env context: <rasterio.env.Env object at 0x10fb40b40>
2026-02-09 17:33:35,692 - INFO - Picture saved graz_4_2025-08-22.tiff
2026-02-09 17:33:35,692 - DEBUG - Entering env context: <rasterio.env.Env object at 0x10fb40b40>
2026-02-09 17:33:35,693 - DEBUG - Starting outermost env
2026-02-09 17:33:35,693 - DEBUG - No GDAL environment exists
2026-02-09 17:33:35,693 - DEBUG - New GDAL environment <rasterio._env.GDALEnv object at 0x10d81e2f0> created
2026-02-09 17:33:35,693 - DEBUG - GDAL data found in package: path='/Users/red_dragon/Documents/projects/cdse_sinergise_planet/env/lib/python3.13/site-packages/rasterio/gdal_data'.
2026-02-09 17:33:35,693 - DEBUG - PROJ data found in package: path='/Users/red_dragon/Documents/projects/cdse_sinergise_planet/env/lib/python3.13/site-packages/rasterio/proj_data'.
2026-02-09 17:33:35,693 - DEBUG - Started GDALEnv: self=<rasterio._env.GDALEnv object at 0x10d81e2f0>.
2026-02-09 17:33:35,693 - DEBUG - Entered env context: <rasterio.env.Env object at 0x10fb40b40>
2026-02-09 17:33:35,694 - DEBUG - Nodata success: 1, Nodata value: nan
2026-02-09 17:33:35,694 - DEBUG - Dataset <open DatasetReader name='graz_4_2025-08-22.tiff' mode='r'> is started.
2026-02-09 17:33:35,694 - DEBUG - Exiting env context: <rasterio.env.Env object at 0x10fb40b40>
2026-02-09 17:33:35,695 - DEBUG - Cleared existing <rasterio._env.GDALEnv object at 0x10d81e2f0> options
2026-02-09 17:33:35,695 - DEBUG - Stopped GDALEnv <rasterio._env.GDALEnv object at 0x10d81e2f0>.
2026-02-09 17:33:35,695 - DEBUG - Exiting outermost env
2026-02-09 17:33:35,695 - DEBUG - Exited env context: <rasterio.env.Env object at 0x10fb40b40>
2026-02-09 17:33:35,695 - DEBUG - Entering env context: <rasterio.env.Env object at 0x10fb40b40>
2026-02-09 17:33:35,695 - DEBUG - Starting outermost env
2026-02-09 17:33:35,695 - DEBUG - No GDAL environment exists
2026-02-09 17:33:35,695 - DEBUG - New GDAL environment <rasterio._env.GDALEnv object at 0x10a706590> created
2026-02-09 17:33:35,695 - DEBUG - GDAL data found in package: path='/Users/red_dragon/Documents/projects/cdse_sinergise_planet/env/lib/python3.13/site-packages/rasterio/gdal_data'.
2026-02-09 17:33:35,695 - DEBUG - PROJ data found in package: path='/Users/red_dragon/Documents/projects/cdse_sinergise_planet/env/lib/python3.13/site-packages/rasterio/proj_data'.
2026-02-09 17:33:35,695 - DEBUG - Started GDALEnv: self=<rasterio._env.GDALEnv object at 0x10a706590>.
2026-02-09 17:33:35,695 - DEBUG - Entered env context: <rasterio.env.Env object at 0x10fb40b40>
2026-02-09 17:33:35,695 - DEBUG - Output nodata value read from file: nan
2026-02-09 17:33:35,695 - DEBUG - Output nodata values: [nan]
2026-02-09 17:33:35,695 - DEBUG - all_valid: False
2026-02-09 17:33:35,696 - DEBUG - mask_flags: ([<MaskFlags.nodata: 8>],)
2026-02-09 17:33:35,696 - DEBUG - Jump straight to _read()
2026-02-09 17:33:35,696 - DEBUG - Window: None
2026-02-09 17:33:35,696 - DEBUG - IO window xoff=0.0 yoff=0.0 width=2452.0 height=2112.0
2026-02-09 17:33:35,709 - DEBUG - Exiting env context: <rasterio.env.Env object at 0x10fb40b40>
2026-02-09 17:33:35,709 - DEBUG - Cleared existing <rasterio._env.GDALEnv object at 0x10a706590> options
2026-02-09 17:33:35,710 - DEBUG - Stopped GDALEnv <rasterio._env.GDALEnv object at 0x10a706590>.
2026-02-09 17:33:35,710 - DEBUG - Exiting outermost env
2026-02-09 17:33:35,710 - DEBUG - Exited env context: <rasterio.env.Env object at 0x10fb40b40>
2026-02-09 17:33:35,715 - DEBUG - {'shape': (2112, 2452), 'dtype': 'float32', 'valid_ratio': '0.00', 'values range': '-0.14:0.83', 'mean': '0.44', 'size': '19.77 MB'}
2026-02-09 17:33:35,716 - DEBUG - 🍭
2026-02-09 17:33:35,716 - DEBUG - ['graz_4_2025-08-02.tiff', 'graz_4_2025-08-09.tiff', 'graz_4_2025-08-12.tiff', 'graz_4_2025-08-19.tiff', 'graz_4_2025-08-22.tiff']
2026-02-09 17:33:35,716 - DEBUG - Downloading for 2025-08-01
2026-02-09 17:33:35,716 - DEBUG - [646832.3533706688, 5325528.473139578, 659089.0981330753, 5336086.522280935]
2026-02-09 17:33:35,718 - DEBUG - Starting new HTTPS connection (1): sh.dataspace.copernicus.eu:443
2026-02-09 17:33:37,638 - DEBUG - https://sh.dataspace.copernicus.eu:443 "POST /api/v1/process HTTP/1.1" 200 None
2026-02-09 17:33:37,808 - DEBUG - Entering env context: <rasterio.env.Env object at 0x10fb417f0>
2026-02-09 17:33:37,808 - DEBUG - Starting outermost env
2026-02-09 17:33:37,808 - DEBUG - No GDAL environment exists
2026-02-09 17:33:37,808 - DEBUG - New GDAL environment <rasterio._env.GDALEnv object at 0x10e4561a0> created
2026-02-09 17:33:37,809 - DEBUG - GDAL data found in package: path='/Users/red_dragon/Documents/projects/cdse_sinergise_planet/env/lib/python3.13/site-packages/rasterio/gdal_data'.
2026-02-09 17:33:37,809 - DEBUG - PROJ data found in package: path='/Users/red_dragon/Documents/projects/cdse_sinergise_planet/env/lib/python3.13/site-packages/rasterio/proj_data'.
2026-02-09 17:33:37,809 - DEBUG - Started GDALEnv: self=<rasterio._env.GDALEnv object at 0x10e4561a0>.
2026-02-09 17:33:37,809 - DEBUG - Entered env context: <rasterio.env.Env object at 0x10fb417f0>
2026-02-09 17:33:37,809 - DEBUG - VSI path: /vsimem/4c62457e-4b6d-4371-9703-4c8d52fc7d9d/4c62457e-4b6d-4371-9703-4c8d52fc7d9d.tif
2026-02-09 17:33:37,812 - DEBUG - Nodata success: 0, Nodata value: 0.000000
2026-02-09 17:33:37,812 - DEBUG - Dataset <open DatasetReader name='/vsimem/4c62457e-4b6d-4371-9703-4c8d52fc7d9d/4c62457e-4b6d-4371-9703-4c8d52fc7d9d.tif' mode='r'> is started.
2026-02-09 17:33:37,813 - DEBUG - Exiting env context: <rasterio.env.Env object at 0x10fb417f0>
2026-02-09 17:33:37,813 - DEBUG - Cleared existing <rasterio._env.GDALEnv object at 0x10e4561a0> options
2026-02-09 17:33:37,813 - DEBUG - Stopped GDALEnv <rasterio._env.GDALEnv object at 0x10e4561a0>.
2026-02-09 17:33:37,813 - DEBUG - Exiting outermost env
2026-02-09 17:33:37,813 - DEBUG - Exited env context: <rasterio.env.Env object at 0x10fb417f0>
2026-02-09 17:33:37,814 - DEBUG - Output nodata value read from file: None
2026-02-09 17:33:37,814 - DEBUG - Output nodata values: [None]
2026-02-09 17:33:37,815 - DEBUG - all_valid: True
2026-02-09 17:33:37,815 - DEBUG - mask_flags: ([<MaskFlags.all_valid: 1>],)
2026-02-09 17:33:37,815 - DEBUG - Jump straight to _read()
2026-02-09 17:33:37,815 - DEBUG - Window: None
2026-02-09 17:33:37,815 - DEBUG - IO window xoff=0.0 yoff=0.0 width=1226.0 height=1056.0
2026-02-09 17:33:37,824 - DEBUG - [659089.0981330753, 5325528.473139578, 671345.8428954817, 5336086.522280935]
2026-02-09 17:33:37,826 - DEBUG - Starting new HTTPS connection (1): sh.dataspace.copernicus.eu:443
2026-02-09 17:33:39,908 - DEBUG - https://sh.dataspace.copernicus.eu:443 "POST /api/v1/process HTTP/1.1" 200 None
2026-02-09 17:33:40,122 - DEBUG - Entering env context: <rasterio.env.Env object at 0x10fb40e50>
2026-02-09 17:33:40,122 - DEBUG - Starting outermost env
2026-02-09 17:33:40,123 - DEBUG - No GDAL environment exists
2026-02-09 17:33:40,123 - DEBUG - New GDAL environment <rasterio._env.GDALEnv object at 0x10fb58c70> created
2026-02-09 17:33:40,123 - DEBUG - GDAL data found in package: path='/Users/red_dragon/Documents/projects/cdse_sinergise_planet/env/lib/python3.13/site-packages/rasterio/gdal_data'.
2026-02-09 17:33:40,123 - DEBUG - PROJ data found in package: path='/Users/red_dragon/Documents/projects/cdse_sinergise_planet/env/lib/python3.13/site-packages/rasterio/proj_data'.
2026-02-09 17:33:40,123 - DEBUG - Started GDALEnv: self=<rasterio._env.GDALEnv object at 0x10fb58c70>.
2026-02-09 17:33:40,123 - DEBUG - Entered env context: <rasterio.env.Env object at 0x10fb40e50>
2026-02-09 17:33:40,123 - DEBUG - VSI path: /vsimem/95509c21-d3ef-4793-a7dd-401bb9ab9e3e/95509c21-d3ef-4793-a7dd-401bb9ab9e3e.tif
2026-02-09 17:33:40,125 - DEBUG - Nodata success: 0, Nodata value: 0.000000
2026-02-09 17:33:40,125 - DEBUG - Dataset <open DatasetReader name='/vsimem/95509c21-d3ef-4793-a7dd-401bb9ab9e3e/95509c21-d3ef-4793-a7dd-401bb9ab9e3e.tif' mode='r'> is started.
2026-02-09 17:33:40,125 - DEBUG - Exiting env context: <rasterio.env.Env object at 0x10fb40e50>
2026-02-09 17:33:40,125 - DEBUG - Cleared existing <rasterio._env.GDALEnv object at 0x10fb58c70> options
2026-02-09 17:33:40,125 - DEBUG - Stopped GDALEnv <rasterio._env.GDALEnv object at 0x10fb58c70>.
2026-02-09 17:33:40,125 - DEBUG - Exiting outermost env
2026-02-09 17:33:40,125 - DEBUG - Exited env context: <rasterio.env.Env object at 0x10fb40e50>
2026-02-09 17:33:40,126 - DEBUG - Output nodata value read from file: None
2026-02-09 17:33:40,126 - DEBUG - Output nodata values: [None]
2026-02-09 17:33:40,126 - DEBUG - all_valid: True
2026-02-09 17:33:40,126 - DEBUG - mask_flags: ([<MaskFlags.all_valid: 1>],)
2026-02-09 17:33:40,126 - DEBUG - Jump straight to _read()
2026-02-09 17:33:40,126 - DEBUG - Window: None
2026-02-09 17:33:40,126 - DEBUG - IO window xoff=0.0 yoff=0.0 width=1226.0 height=1056.0
2026-02-09 17:33:40,137 - DEBUG - [646832.3533706688, 5336086.522280935, 659089.0981330753, 5346644.571422293]
2026-02-09 17:33:40,139 - DEBUG - Starting new HTTPS connection (1): sh.dataspace.copernicus.eu:443
2026-02-09 17:33:41,971 - DEBUG - https://sh.dataspace.copernicus.eu:443 "POST /api/v1/process HTTP/1.1" 200 None
2026-02-09 17:33:42,065 - DEBUG - Entering env context: <rasterio.env.Env object at 0x10fb40de0>
2026-02-09 17:33:42,066 - DEBUG - Starting outermost env
2026-02-09 17:33:42,066 - DEBUG - No GDAL environment exists
2026-02-09 17:33:42,066 - DEBUG - New GDAL environment <rasterio._env.GDALEnv object at 0x10fb58550> created
2026-02-09 17:33:42,066 - DEBUG - GDAL data found in package: path='/Users/red_dragon/Documents/projects/cdse_sinergise_planet/env/lib/python3.13/site-packages/rasterio/gdal_data'.
2026-02-09 17:33:42,066 - DEBUG - PROJ data found in package: path='/Users/red_dragon/Documents/projects/cdse_sinergise_planet/env/lib/python3.13/site-packages/rasterio/proj_data'.
2026-02-09 17:33:42,066 - DEBUG - Started GDALEnv: self=<rasterio._env.GDALEnv object at 0x10fb58550>.
2026-02-09 17:33:42,066 - DEBUG - Entered env context: <rasterio.env.Env object at 0x10fb40de0>
2026-02-09 17:33:42,066 - DEBUG - VSI path: /vsimem/d932b073-df40-4ee1-9805-355f6f1b3e10/d932b073-df40-4ee1-9805-355f6f1b3e10.tif
2026-02-09 17:33:42,068 - DEBUG - Nodata success: 0, Nodata value: 0.000000
2026-02-09 17:33:42,068 - DEBUG - Dataset <open DatasetReader name='/vsimem/d932b073-df40-4ee1-9805-355f6f1b3e10/d932b073-df40-4ee1-9805-355f6f1b3e10.tif' mode='r'> is started.
2026-02-09 17:33:42,068 - DEBUG - Exiting env context: <rasterio.env.Env object at 0x10fb40de0>
2026-02-09 17:33:42,068 - DEBUG - Cleared existing <rasterio._env.GDALEnv object at 0x10fb58550> options
2026-02-09 17:33:42,068 - DEBUG - Stopped GDALEnv <rasterio._env.GDALEnv object at 0x10fb58550>.
2026-02-09 17:33:42,068 - DEBUG - Exiting outermost env
2026-02-09 17:33:42,068 - DEBUG - Exited env context: <rasterio.env.Env object at 0x10fb40de0>
2026-02-09 17:33:42,068 - DEBUG - Output nodata value read from file: None
2026-02-09 17:33:42,068 - DEBUG - Output nodata values: [None]
2026-02-09 17:33:42,069 - DEBUG - all_valid: True
2026-02-09 17:33:42,069 - DEBUG - mask_flags: ([<MaskFlags.all_valid: 1>],)
2026-02-09 17:33:42,069 - DEBUG - Jump straight to _read()
2026-02-09 17:33:42,069 - DEBUG - Window: None
2026-02-09 17:33:42,069 - DEBUG - IO window xoff=0.0 yoff=0.0 width=1226.0 height=1056.0
2026-02-09 17:33:42,080 - DEBUG - [659089.0981330753, 5336086.522280935, 671345.8428954817, 5346644.571422293]
2026-02-09 17:33:42,081 - DEBUG - Starting new HTTPS connection (1): sh.dataspace.copernicus.eu:443
2026-02-09 17:33:43,406 - DEBUG - https://sh.dataspace.copernicus.eu:443 "POST /api/v1/process HTTP/1.1" 200 None
2026-02-09 17:33:43,508 - DEBUG - Entering env context: <rasterio.env.Env object at 0x10fb40c20>
2026-02-09 17:33:43,509 - DEBUG - Starting outermost env
2026-02-09 17:33:43,509 - DEBUG - No GDAL environment exists
2026-02-09 17:33:43,509 - DEBUG - New GDAL environment <rasterio._env.GDALEnv object at 0x10fb59030> created
2026-02-09 17:33:43,509 - DEBUG - GDAL data found in package: path='/Users/red_dragon/Documents/projects/cdse_sinergise_planet/env/lib/python3.13/site-packages/rasterio/gdal_data'.
2026-02-09 17:33:43,509 - DEBUG - PROJ data found in package: path='/Users/red_dragon/Documents/projects/cdse_sinergise_planet/env/lib/python3.13/site-packages/rasterio/proj_data'.
2026-02-09 17:33:43,509 - DEBUG - Started GDALEnv: self=<rasterio._env.GDALEnv object at 0x10fb59030>.
2026-02-09 17:33:43,509 - DEBUG - Entered env context: <rasterio.env.Env object at 0x10fb40c20>
2026-02-09 17:33:43,510 - DEBUG - VSI path: /vsimem/fdef0844-2f3d-42f4-b88b-7bae24bf07ee/fdef0844-2f3d-42f4-b88b-7bae24bf07ee.tif
2026-02-09 17:33:43,511 - DEBUG - Nodata success: 0, Nodata value: 0.000000
2026-02-09 17:33:43,511 - DEBUG - Dataset <open DatasetReader name='/vsimem/fdef0844-2f3d-42f4-b88b-7bae24bf07ee/fdef0844-2f3d-42f4-b88b-7bae24bf07ee.tif' mode='r'> is started.
2026-02-09 17:33:43,512 - DEBUG - Exiting env context: <rasterio.env.Env object at 0x10fb40c20>
2026-02-09 17:33:43,512 - DEBUG - Cleared existing <rasterio._env.GDALEnv object at 0x10fb59030> options
2026-02-09 17:33:43,512 - DEBUG - Stopped GDALEnv <rasterio._env.GDALEnv object at 0x10fb59030>.
2026-02-09 17:33:43,512 - DEBUG - Exiting outermost env
2026-02-09 17:33:43,512 - DEBUG - Exited env context: <rasterio.env.Env object at 0x10fb40c20>
2026-02-09 17:33:43,512 - DEBUG - Output nodata value read from file: None
2026-02-09 17:33:43,512 - DEBUG - Output nodata values: [None]
2026-02-09 17:33:43,512 - DEBUG - all_valid: True
2026-02-09 17:33:43,512 - DEBUG - mask_flags: ([<MaskFlags.all_valid: 1>],)
2026-02-09 17:33:43,512 - DEBUG - Jump straight to _read()
2026-02-09 17:33:43,512 - DEBUG - Window: None
2026-02-09 17:33:43,512 - DEBUG - IO window xoff=0.0 yoff=0.0 width=1226.0 height=1056.0
2026-02-09 17:33:43,524 - DEBUG - Set nodataval to 0
2026-02-09 17:33:43,527 - DEBUG - Output nodata value read from file: None
2026-02-09 17:33:43,527 - DEBUG - Output nodata values: [None]
2026-02-09 17:33:43,527 - DEBUG - all_valid: True
2026-02-09 17:33:43,527 - DEBUG - mask_flags: ([<MaskFlags.all_valid: 1>],)
2026-02-09 17:33:43,527 - DEBUG - Jump straight to _read()
2026-02-09 17:33:43,527 - DEBUG - Window: Window(col_off=np.float64(0.0), row_off=np.float64(-0.0), width=np.float64(1226.0), height=np.float64(1056.0))
2026-02-09 17:33:43,527 - DEBUG - IO window xoff=0.0 yoff=-0.0 width=1226.0 height=1056.0
2026-02-09 17:33:43,532 - DEBUG - Output nodata value read from file: None
2026-02-09 17:33:43,532 - DEBUG - Output nodata values: [None]
2026-02-09 17:33:43,532 - DEBUG - all_valid: True
2026-02-09 17:33:43,532 - DEBUG - mask_flags: ([<MaskFlags.all_valid: 1>],)
2026-02-09 17:33:43,532 - DEBUG - Jump straight to _read()
2026-02-09 17:33:43,532 - DEBUG - Window: Window(col_off=np.float64(0.0), row_off=np.float64(-0.0), width=np.float64(1226.0), height=np.float64(1056.0))
2026-02-09 17:33:43,532 - DEBUG - IO window xoff=0.0 yoff=-0.0 width=1226.0 height=1056.0
2026-02-09 17:33:43,537 - DEBUG - Output nodata value read from file: None
2026-02-09 17:33:43,537 - DEBUG - Output nodata values: [None]
2026-02-09 17:33:43,538 - DEBUG - all_valid: True
2026-02-09 17:33:43,538 - DEBUG - mask_flags: ([<MaskFlags.all_valid: 1>],)
2026-02-09 17:33:43,538 - DEBUG - Jump straight to _read()
2026-02-09 17:33:43,538 - DEBUG - Window: Window(col_off=np.float64(0.0), row_off=np.float64(-0.0), width=np.float64(1226.0), height=np.float64(1056.0))
2026-02-09 17:33:43,538 - DEBUG - IO window xoff=0.0 yoff=-0.0 width=1226.0 height=1056.0
2026-02-09 17:33:43,543 - DEBUG - Output nodata value read from file: None
2026-02-09 17:33:43,543 - DEBUG - Output nodata values: [None]
2026-02-09 17:33:43,543 - DEBUG - all_valid: True
2026-02-09 17:33:43,543 - DEBUG - mask_flags: ([<MaskFlags.all_valid: 1>],)
2026-02-09 17:33:43,544 - DEBUG - Jump straight to _read()
2026-02-09 17:33:43,544 - DEBUG - Window: Window(col_off=np.float64(0.0), row_off=np.float64(-0.0), width=np.float64(1226.0), height=np.float64(1056.0))
2026-02-09 17:33:43,544 - DEBUG - IO window xoff=0.0 yoff=-0.0 width=1226.0 height=1056.0
2026-02-09 17:33:43,546 - DEBUG - Entering env context: <rasterio.env.Env object at 0x10fb40c20>
2026-02-09 17:33:43,546 - DEBUG - Starting outermost env
2026-02-09 17:33:43,546 - DEBUG - No GDAL environment exists
2026-02-09 17:33:43,546 - DEBUG - New GDAL environment <rasterio._env.GDALEnv object at 0x10f9a98a0> created
2026-02-09 17:33:43,546 - DEBUG - GDAL data found in package: path='/Users/red_dragon/Documents/projects/cdse_sinergise_planet/env/lib/python3.13/site-packages/rasterio/gdal_data'.
2026-02-09 17:33:43,546 - DEBUG - PROJ data found in package: path='/Users/red_dragon/Documents/projects/cdse_sinergise_planet/env/lib/python3.13/site-packages/rasterio/proj_data'.
2026-02-09 17:33:43,546 - DEBUG - Started GDALEnv: self=<rasterio._env.GDALEnv object at 0x10f9a98a0>.
2026-02-09 17:33:43,546 - DEBUG - Entered env context: <rasterio.env.Env object at 0x10fb40c20>
2026-02-09 17:33:43,556 - DEBUG - Nodata success: 0, Nodata value: 0.000000
2026-02-09 17:33:43,556 - DEBUG - Exiting env context: <rasterio.env.Env object at 0x10fb40c20>
2026-02-09 17:33:43,556 - DEBUG - Cleared existing <rasterio._env.GDALEnv object at 0x10f9a98a0> options
2026-02-09 17:33:43,556 - DEBUG - Stopped GDALEnv <rasterio._env.GDALEnv object at 0x10f9a98a0>.
2026-02-09 17:33:43,556 - DEBUG - Exiting outermost env
2026-02-09 17:33:43,556 - DEBUG - Exited env context: <rasterio.env.Env object at 0x10fb40c20>
2026-02-09 17:33:43,556 - DEBUG - Entering env context: <rasterio.env.Env object at 0x10fb40c20>
2026-02-09 17:33:43,556 - DEBUG - Starting outermost env
2026-02-09 17:33:43,556 - DEBUG - No GDAL environment exists
2026-02-09 17:33:43,556 - DEBUG - New GDAL environment <rasterio._env.GDALEnv object at 0x10ec8d390> created
2026-02-09 17:33:43,556 - DEBUG - GDAL data found in package: path='/Users/red_dragon/Documents/projects/cdse_sinergise_planet/env/lib/python3.13/site-packages/rasterio/gdal_data'.
2026-02-09 17:33:43,556 - DEBUG - PROJ data found in package: path='/Users/red_dragon/Documents/projects/cdse_sinergise_planet/env/lib/python3.13/site-packages/rasterio/proj_data'.
2026-02-09 17:33:43,556 - DEBUG - Started GDALEnv: self=<rasterio._env.GDALEnv object at 0x10ec8d390>.
2026-02-09 17:33:43,556 - DEBUG - Entered env context: <rasterio.env.Env object at 0x10fb40c20>
2026-02-09 17:33:43,610 - DEBUG - Exiting env context: <rasterio.env.Env object at 0x10fb40c20>
2026-02-09 17:33:43,610 - DEBUG - Cleared existing <rasterio._env.GDALEnv object at 0x10ec8d390> options
2026-02-09 17:33:43,610 - DEBUG - Stopped GDALEnv <rasterio._env.GDALEnv object at 0x10ec8d390>.
2026-02-09 17:33:43,610 - DEBUG - Exiting outermost env
2026-02-09 17:33:43,610 - DEBUG - Exited env context: <rasterio.env.Env object at 0x10fb40c20>
2026-02-09 17:33:43,610 - INFO - Picture saved graz_4_supplemental_2025-08-01.tiff
2026-02-09 17:33:43,610 - DEBUG - Entering env context: <rasterio.env.Env object at 0x10fb40c20>
2026-02-09 17:33:43,610 - DEBUG - Starting outermost env
2026-02-09 17:33:43,610 - DEBUG - No GDAL environment exists
2026-02-09 17:33:43,610 - DEBUG - New GDAL environment <rasterio._env.GDALEnv object at 0x10ec8d390> created
2026-02-09 17:33:43,610 - DEBUG - GDAL data found in package: path='/Users/red_dragon/Documents/projects/cdse_sinergise_planet/env/lib/python3.13/site-packages/rasterio/gdal_data'.
2026-02-09 17:33:43,610 - DEBUG - PROJ data found in package: path='/Users/red_dragon/Documents/projects/cdse_sinergise_planet/env/lib/python3.13/site-packages/rasterio/proj_data'.
2026-02-09 17:33:43,610 - DEBUG - Started GDALEnv: self=<rasterio._env.GDALEnv object at 0x10ec8d390>.
2026-02-09 17:33:43,610 - DEBUG - Entered env context: <rasterio.env.Env object at 0x10fb40c20>
2026-02-09 17:33:43,611 - DEBUG - Nodata success: 0, Nodata value: 0.000000
2026-02-09 17:33:43,611 - DEBUG - Dataset <open DatasetReader name='graz_4_supplemental_2025-08-01.tiff' mode='r'> is started.
2026-02-09 17:33:43,611 - DEBUG - Exiting env context: <rasterio.env.Env object at 0x10fb40c20>
2026-02-09 17:33:43,611 - DEBUG - Cleared existing <rasterio._env.GDALEnv object at 0x10ec8d390> options
2026-02-09 17:33:43,611 - DEBUG - Stopped GDALEnv <rasterio._env.GDALEnv object at 0x10ec8d390>.
2026-02-09 17:33:43,611 - DEBUG - Exiting outermost env
2026-02-09 17:33:43,611 - DEBUG - Exited env context: <rasterio.env.Env object at 0x10fb40c20>
2026-02-09 17:33:43,611 - DEBUG - Entering env context: <rasterio.env.Env object at 0x10fb40c20>
2026-02-09 17:33:43,611 - DEBUG - Starting outermost env
2026-02-09 17:33:43,611 - DEBUG - No GDAL environment exists
2026-02-09 17:33:43,611 - DEBUG - New GDAL environment <rasterio._env.GDALEnv object at 0x10f9a98a0> created
2026-02-09 17:33:43,611 - DEBUG - GDAL data found in package: path='/Users/red_dragon/Documents/projects/cdse_sinergise_planet/env/lib/python3.13/site-packages/rasterio/gdal_data'.
2026-02-09 17:33:43,611 - DEBUG - PROJ data found in package: path='/Users/red_dragon/Documents/projects/cdse_sinergise_planet/env/lib/python3.13/site-packages/rasterio/proj_data'.
2026-02-09 17:33:43,611 - DEBUG - Started GDALEnv: self=<rasterio._env.GDALEnv object at 0x10f9a98a0>.
2026-02-09 17:33:43,611 - DEBUG - Entered env context: <rasterio.env.Env object at 0x10fb40c20>
2026-02-09 17:33:43,611 - DEBUG - Output nodata value read from file: None
2026-02-09 17:33:43,611 - DEBUG - Output nodata values: [None]
2026-02-09 17:33:43,611 - DEBUG - all_valid: True
2026-02-09 17:33:43,611 - DEBUG - mask_flags: ([<MaskFlags.all_valid: 1>],)
2026-02-09 17:33:43,611 - DEBUG - Jump straight to _read()
2026-02-09 17:33:43,611 - DEBUG - Window: None
2026-02-09 17:33:43,611 - DEBUG - IO window xoff=0.0 yoff=0.0 width=2452.0 height=2112.0
2026-02-09 17:33:43,618 - DEBUG - Exiting env context: <rasterio.env.Env object at 0x10fb40c20>
2026-02-09 17:33:43,618 - DEBUG - Cleared existing <rasterio._env.GDALEnv object at 0x10f9a98a0> options
2026-02-09 17:33:43,618 - DEBUG - Stopped GDALEnv <rasterio._env.GDALEnv object at 0x10f9a98a0>.
2026-02-09 17:33:43,618 - DEBUG - Exiting outermost env
2026-02-09 17:33:43,618 - DEBUG - Exited env context: <rasterio.env.Env object at 0x10fb40c20>
2026-02-09 17:33:43,628 - INFO - {'shape': (2112, 2452), 'dtype': 'float32', 'valid_ratio': '0.99', 'values range': '0.03:0.92', 'mean': '0.62', 'size': '19.77 MB'}
2026-02-09 17:33:43,629 - DEBUG - Downloading for 2025-08-11
2026-02-09 17:33:43,629 - DEBUG - [646832.3533706688, 5325528.473139578, 659089.0981330753, 5336086.522280935]
2026-02-09 17:33:43,630 - DEBUG - Starting new HTTPS connection (1): sh.dataspace.copernicus.eu:443
2026-02-09 17:33:45,997 - DEBUG - https://sh.dataspace.copernicus.eu:443 "POST /api/v1/process HTTP/1.1" 200 None
2026-02-09 17:33:46,139 - DEBUG - Entering env context: <rasterio.env.Env object at 0x10fb40750>
2026-02-09 17:33:46,139 - DEBUG - Starting outermost env
2026-02-09 17:33:46,139 - DEBUG - No GDAL environment exists
2026-02-09 17:33:46,139 - DEBUG - New GDAL environment <rasterio._env.GDALEnv object at 0x10a72e080> created
2026-02-09 17:33:46,140 - DEBUG - GDAL data found in package: path='/Users/red_dragon/Documents/projects/cdse_sinergise_planet/env/lib/python3.13/site-packages/rasterio/gdal_data'.
2026-02-09 17:33:46,140 - DEBUG - PROJ data found in package: path='/Users/red_dragon/Documents/projects/cdse_sinergise_planet/env/lib/python3.13/site-packages/rasterio/proj_data'.
2026-02-09 17:33:46,140 - DEBUG - Started GDALEnv: self=<rasterio._env.GDALEnv object at 0x10a72e080>.
2026-02-09 17:33:46,140 - DEBUG - Entered env context: <rasterio.env.Env object at 0x10fb40750>
2026-02-09 17:33:46,140 - DEBUG - VSI path: /vsimem/1f959863-4c51-4325-828c-66bcb84272d8/1f959863-4c51-4325-828c-66bcb84272d8.tif
2026-02-09 17:33:46,141 - DEBUG - Nodata success: 0, Nodata value: 0.000000
2026-02-09 17:33:46,141 - DEBUG - Dataset <open DatasetReader name='/vsimem/1f959863-4c51-4325-828c-66bcb84272d8/1f959863-4c51-4325-828c-66bcb84272d8.tif' mode='r'> is started.
2026-02-09 17:33:46,142 - DEBUG - Exiting env context: <rasterio.env.Env object at 0x10fb40750>
2026-02-09 17:33:46,142 - DEBUG - Cleared existing <rasterio._env.GDALEnv object at 0x10a72e080> options
2026-02-09 17:33:46,142 - DEBUG - Stopped GDALEnv <rasterio._env.GDALEnv object at 0x10a72e080>.
2026-02-09 17:33:46,142 - DEBUG - Exiting outermost env
2026-02-09 17:33:46,142 - DEBUG - Exited env context: <rasterio.env.Env object at 0x10fb40750>
2026-02-09 17:33:46,142 - DEBUG - Output nodata value read from file: None
2026-02-09 17:33:46,142 - DEBUG - Output nodata values: [None]
2026-02-09 17:33:46,142 - DEBUG - all_valid: True
2026-02-09 17:33:46,142 - DEBUG - mask_flags: ([<MaskFlags.all_valid: 1>],)
2026-02-09 17:33:46,142 - DEBUG - Jump straight to _read()
2026-02-09 17:33:46,142 - DEBUG - Window: None
2026-02-09 17:33:46,143 - DEBUG - IO window xoff=0.0 yoff=0.0 width=1226.0 height=1056.0
2026-02-09 17:33:46,154 - DEBUG - [659089.0981330753, 5325528.473139578, 671345.8428954817, 5336086.522280935]
2026-02-09 17:33:46,155 - DEBUG - Starting new HTTPS connection (1): sh.dataspace.copernicus.eu:443
2026-02-09 17:33:47,603 - DEBUG - https://sh.dataspace.copernicus.eu:443 "POST /api/v1/process HTTP/1.1" 200 None
2026-02-09 17:33:47,776 - DEBUG - Entering env context: <rasterio.env.Env object at 0x10fb41080>
2026-02-09 17:33:47,777 - DEBUG - Starting outermost env
2026-02-09 17:33:47,777 - DEBUG - No GDAL environment exists
2026-02-09 17:33:47,777 - DEBUG - New GDAL environment <rasterio._env.GDALEnv object at 0x10f9a98a0> created
2026-02-09 17:33:47,777 - DEBUG - GDAL data found in package: path='/Users/red_dragon/Documents/projects/cdse_sinergise_planet/env/lib/python3.13/site-packages/rasterio/gdal_data'.
2026-02-09 17:33:47,778 - DEBUG - PROJ data found in package: path='/Users/red_dragon/Documents/projects/cdse_sinergise_planet/env/lib/python3.13/site-packages/rasterio/proj_data'.
2026-02-09 17:33:47,778 - DEBUG - Started GDALEnv: self=<rasterio._env.GDALEnv object at 0x10f9a98a0>.
2026-02-09 17:33:47,778 - DEBUG - Entered env context: <rasterio.env.Env object at 0x10fb41080>
2026-02-09 17:33:47,778 - DEBUG - VSI path: /vsimem/3017aa24-7868-40ec-8e24-7208e2388660/3017aa24-7868-40ec-8e24-7208e2388660.tif
2026-02-09 17:33:47,779 - DEBUG - Nodata success: 0, Nodata value: 0.000000
2026-02-09 17:33:47,779 - DEBUG - Dataset <open DatasetReader name='/vsimem/3017aa24-7868-40ec-8e24-7208e2388660/3017aa24-7868-40ec-8e24-7208e2388660.tif' mode='r'> is started.
2026-02-09 17:33:47,779 - DEBUG - Exiting env context: <rasterio.env.Env object at 0x10fb41080>
2026-02-09 17:33:47,779 - DEBUG - Cleared existing <rasterio._env.GDALEnv object at 0x10f9a98a0> options
2026-02-09 17:33:47,779 - DEBUG - Stopped GDALEnv <rasterio._env.GDALEnv object at 0x10f9a98a0>.
2026-02-09 17:33:47,779 - DEBUG - Exiting outermost env
2026-02-09 17:33:47,779 - DEBUG - Exited env context: <rasterio.env.Env object at 0x10fb41080>
2026-02-09 17:33:47,780 - DEBUG - Output nodata value read from file: None
2026-02-09 17:33:47,780 - DEBUG - Output nodata values: [None]
2026-02-09 17:33:47,780 - DEBUG - all_valid: True
2026-02-09 17:33:47,780 - DEBUG - mask_flags: ([<MaskFlags.all_valid: 1>],)
2026-02-09 17:33:47,780 - DEBUG - Jump straight to _read()
2026-02-09 17:33:47,780 - DEBUG - Window: None
2026-02-09 17:33:47,780 - DEBUG - IO window xoff=0.0 yoff=0.0 width=1226.0 height=1056.0
2026-02-09 17:33:47,791 - DEBUG - [646832.3533706688, 5336086.522280935, 659089.0981330753, 5346644.571422293]
2026-02-09 17:33:47,792 - DEBUG - Starting new HTTPS connection (1): sh.dataspace.copernicus.eu:443
2026-02-09 17:33:49,648 - DEBUG - https://sh.dataspace.copernicus.eu:443 "POST /api/v1/process HTTP/1.1" 200 None
2026-02-09 17:33:49,807 - DEBUG - Entering env context: <rasterio.env.Env object at 0x10fb407c0>
2026-02-09 17:33:49,807 - DEBUG - Starting outermost env
2026-02-09 17:33:49,807 - DEBUG - No GDAL environment exists
2026-02-09 17:33:49,807 - DEBUG - New GDAL environment <rasterio._env.GDALEnv object at 0x10fb58640> created
2026-02-09 17:33:49,808 - DEBUG - GDAL data found in package: path='/Users/red_dragon/Documents/projects/cdse_sinergise_planet/env/lib/python3.13/site-packages/rasterio/gdal_data'.
2026-02-09 17:33:49,808 - DEBUG - PROJ data found in package: path='/Users/red_dragon/Documents/projects/cdse_sinergise_planet/env/lib/python3.13/site-packages/rasterio/proj_data'.
2026-02-09 17:33:49,808 - DEBUG - Started GDALEnv: self=<rasterio._env.GDALEnv object at 0x10fb58640>.
2026-02-09 17:33:49,808 - DEBUG - Entered env context: <rasterio.env.Env object at 0x10fb407c0>
2026-02-09 17:33:49,808 - DEBUG - VSI path: /vsimem/055a0d63-4499-4a72-a8b7-22f415496d86/055a0d63-4499-4a72-a8b7-22f415496d86.tif
2026-02-09 17:33:49,809 - DEBUG - Nodata success: 0, Nodata value: 0.000000
2026-02-09 17:33:49,809 - DEBUG - Dataset <open DatasetReader name='/vsimem/055a0d63-4499-4a72-a8b7-22f415496d86/055a0d63-4499-4a72-a8b7-22f415496d86.tif' mode='r'> is started.
2026-02-09 17:33:49,809 - DEBUG - Exiting env context: <rasterio.env.Env object at 0x10fb407c0>
2026-02-09 17:33:49,809 - DEBUG - Cleared existing <rasterio._env.GDALEnv object at 0x10fb58640> options
2026-02-09 17:33:49,809 - DEBUG - Stopped GDALEnv <rasterio._env.GDALEnv object at 0x10fb58640>.
2026-02-09 17:33:49,810 - DEBUG - Exiting outermost env
2026-02-09 17:33:49,810 - DEBUG - Exited env context: <rasterio.env.Env object at 0x10fb407c0>
2026-02-09 17:33:49,810 - DEBUG - Output nodata value read from file: None
2026-02-09 17:33:49,810 - DEBUG - Output nodata values: [None]
2026-02-09 17:33:49,810 - DEBUG - all_valid: True
2026-02-09 17:33:49,810 - DEBUG - mask_flags: ([<MaskFlags.all_valid: 1>],)
2026-02-09 17:33:49,810 - DEBUG - Jump straight to _read()
2026-02-09 17:33:49,810 - DEBUG - Window: None
2026-02-09 17:33:49,810 - DEBUG - IO window xoff=0.0 yoff=0.0 width=1226.0 height=1056.0
2026-02-09 17:33:49,821 - DEBUG - [659089.0981330753, 5336086.522280935, 671345.8428954817, 5346644.571422293]
2026-02-09 17:33:49,822 - DEBUG - Starting new HTTPS connection (1): sh.dataspace.copernicus.eu:443
2026-02-09 17:33:51,689 - DEBUG - https://sh.dataspace.copernicus.eu:443 "POST /api/v1/process HTTP/1.1" 200 None
2026-02-09 17:33:51,830 - DEBUG - Entering env context: <rasterio.env.Env object at 0x10fb406e0>
2026-02-09 17:33:51,831 - DEBUG - Starting outermost env
2026-02-09 17:33:51,831 - DEBUG - No GDAL environment exists
2026-02-09 17:33:51,831 - DEBUG - New GDAL environment <rasterio._env.GDALEnv object at 0x10fb59390> created
2026-02-09 17:33:51,831 - DEBUG - GDAL data found in package: path='/Users/red_dragon/Documents/projects/cdse_sinergise_planet/env/lib/python3.13/site-packages/rasterio/gdal_data'.
2026-02-09 17:33:51,831 - DEBUG - PROJ data found in package: path='/Users/red_dragon/Documents/projects/cdse_sinergise_planet/env/lib/python3.13/site-packages/rasterio/proj_data'.
2026-02-09 17:33:51,831 - DEBUG - Started GDALEnv: self=<rasterio._env.GDALEnv object at 0x10fb59390>.
2026-02-09 17:33:51,832 - DEBUG - Entered env context: <rasterio.env.Env object at 0x10fb406e0>
2026-02-09 17:33:51,832 - DEBUG - VSI path: /vsimem/2ad1df45-2ac9-46a3-a3ba-4a46ec2b290e/2ad1df45-2ac9-46a3-a3ba-4a46ec2b290e.tif
2026-02-09 17:33:51,833 - DEBUG - Nodata success: 0, Nodata value: 0.000000
2026-02-09 17:33:51,833 - DEBUG - Dataset <open DatasetReader name='/vsimem/2ad1df45-2ac9-46a3-a3ba-4a46ec2b290e/2ad1df45-2ac9-46a3-a3ba-4a46ec2b290e.tif' mode='r'> is started.
2026-02-09 17:33:51,833 - DEBUG - Exiting env context: <rasterio.env.Env object at 0x10fb406e0>
2026-02-09 17:33:51,833 - DEBUG - Cleared existing <rasterio._env.GDALEnv object at 0x10fb59390> options
2026-02-09 17:33:51,833 - DEBUG - Stopped GDALEnv <rasterio._env.GDALEnv object at 0x10fb59390>.
2026-02-09 17:33:51,833 - DEBUG - Exiting outermost env
2026-02-09 17:33:51,833 - DEBUG - Exited env context: <rasterio.env.Env object at 0x10fb406e0>
2026-02-09 17:33:51,833 - DEBUG - Output nodata value read from file: None
2026-02-09 17:33:51,834 - DEBUG - Output nodata values: [None]
2026-02-09 17:33:51,834 - DEBUG - all_valid: True
2026-02-09 17:33:51,834 - DEBUG - mask_flags: ([<MaskFlags.all_valid: 1>],)
2026-02-09 17:33:51,834 - DEBUG - Jump straight to _read()
2026-02-09 17:33:51,834 - DEBUG - Window: None
2026-02-09 17:33:51,834 - DEBUG - IO window xoff=0.0 yoff=0.0 width=1226.0 height=1056.0
2026-02-09 17:33:51,847 - DEBUG - Set nodataval to 0
2026-02-09 17:33:51,851 - DEBUG - Output nodata value read from file: None
2026-02-09 17:33:51,852 - DEBUG - Output nodata values: [None]
2026-02-09 17:33:51,852 - DEBUG - all_valid: True
2026-02-09 17:33:51,852 - DEBUG - mask_flags: ([<MaskFlags.all_valid: 1>],)
2026-02-09 17:33:51,852 - DEBUG - Jump straight to _read()
2026-02-09 17:33:51,852 - DEBUG - Window: Window(col_off=np.float64(0.0), row_off=np.float64(-0.0), width=np.float64(1226.0), height=np.float64(1056.0))
2026-02-09 17:33:51,852 - DEBUG - IO window xoff=0.0 yoff=-0.0 width=1226.0 height=1056.0
2026-02-09 17:33:51,857 - DEBUG - Output nodata value read from file: None
2026-02-09 17:33:51,857 - DEBUG - Output nodata values: [None]
2026-02-09 17:33:51,857 - DEBUG - all_valid: True
2026-02-09 17:33:51,857 - DEBUG - mask_flags: ([<MaskFlags.all_valid: 1>],)
2026-02-09 17:33:51,858 - DEBUG - Jump straight to _read()
2026-02-09 17:33:51,858 - DEBUG - Window: Window(col_off=np.float64(0.0), row_off=np.float64(-0.0), width=np.float64(1226.0), height=np.float64(1056.0))
2026-02-09 17:33:51,858 - DEBUG - IO window xoff=0.0 yoff=-0.0 width=1226.0 height=1056.0
2026-02-09 17:33:51,863 - DEBUG - Output nodata value read from file: None
2026-02-09 17:33:51,863 - DEBUG - Output nodata values: [None]
2026-02-09 17:33:51,863 - DEBUG - all_valid: True
2026-02-09 17:33:51,863 - DEBUG - mask_flags: ([<MaskFlags.all_valid: 1>],)
2026-02-09 17:33:51,863 - DEBUG - Jump straight to _read()
2026-02-09 17:33:51,863 - DEBUG - Window: Window(col_off=np.float64(0.0), row_off=np.float64(-0.0), width=np.float64(1226.0), height=np.float64(1056.0))
2026-02-09 17:33:51,863 - DEBUG - IO window xoff=0.0 yoff=-0.0 width=1226.0 height=1056.0
2026-02-09 17:33:51,868 - DEBUG - Output nodata value read from file: None
2026-02-09 17:33:51,868 - DEBUG - Output nodata values: [None]
2026-02-09 17:33:51,868 - DEBUG - all_valid: True
2026-02-09 17:33:51,868 - DEBUG - mask_flags: ([<MaskFlags.all_valid: 1>],)
2026-02-09 17:33:51,868 - DEBUG - Jump straight to _read()
2026-02-09 17:33:51,868 - DEBUG - Window: Window(col_off=np.float64(0.0), row_off=np.float64(-0.0), width=np.float64(1226.0), height=np.float64(1056.0))
2026-02-09 17:33:51,868 - DEBUG - IO window xoff=0.0 yoff=-0.0 width=1226.0 height=1056.0
2026-02-09 17:33:51,870 - DEBUG - Entering env context: <rasterio.env.Env object at 0x10fb406e0>
2026-02-09 17:33:51,870 - DEBUG - Starting outermost env
2026-02-09 17:33:51,870 - DEBUG - No GDAL environment exists
2026-02-09 17:33:51,870 - DEBUG - New GDAL environment <rasterio._env.GDALEnv object at 0x10fb58f40> created
2026-02-09 17:33:51,870 - DEBUG - GDAL data found in package: path='/Users/red_dragon/Documents/projects/cdse_sinergise_planet/env/lib/python3.13/site-packages/rasterio/gdal_data'.
2026-02-09 17:33:51,870 - DEBUG - PROJ data found in package: path='/Users/red_dragon/Documents/projects/cdse_sinergise_planet/env/lib/python3.13/site-packages/rasterio/proj_data'.
2026-02-09 17:33:51,870 - DEBUG - Started GDALEnv: self=<rasterio._env.GDALEnv object at 0x10fb58f40>.
2026-02-09 17:33:51,870 - DEBUG - Entered env context: <rasterio.env.Env object at 0x10fb406e0>
2026-02-09 17:33:51,880 - DEBUG - Nodata success: 0, Nodata value: 0.000000
2026-02-09 17:33:51,880 - DEBUG - Exiting env context: <rasterio.env.Env object at 0x10fb406e0>
2026-02-09 17:33:51,880 - DEBUG - Cleared existing <rasterio._env.GDALEnv object at 0x10fb58f40> options
2026-02-09 17:33:51,880 - DEBUG - Stopped GDALEnv <rasterio._env.GDALEnv object at 0x10fb58f40>.
2026-02-09 17:33:51,880 - DEBUG - Exiting outermost env
2026-02-09 17:33:51,880 - DEBUG - Exited env context: <rasterio.env.Env object at 0x10fb406e0>
2026-02-09 17:33:51,880 - DEBUG - Entering env context: <rasterio.env.Env object at 0x10fb406e0>
2026-02-09 17:33:51,880 - DEBUG - Starting outermost env
2026-02-09 17:33:51,880 - DEBUG - No GDAL environment exists
2026-02-09 17:33:51,880 - DEBUG - New GDAL environment <rasterio._env.GDALEnv object at 0x10fb58ac0> created
2026-02-09 17:33:51,880 - DEBUG - GDAL data found in package: path='/Users/red_dragon/Documents/projects/cdse_sinergise_planet/env/lib/python3.13/site-packages/rasterio/gdal_data'.
2026-02-09 17:33:51,880 - DEBUG - PROJ data found in package: path='/Users/red_dragon/Documents/projects/cdse_sinergise_planet/env/lib/python3.13/site-packages/rasterio/proj_data'.
2026-02-09 17:33:51,880 - DEBUG - Started GDALEnv: self=<rasterio._env.GDALEnv object at 0x10fb58ac0>.
2026-02-09 17:33:51,880 - DEBUG - Entered env context: <rasterio.env.Env object at 0x10fb406e0>
2026-02-09 17:33:51,910 - DEBUG - Exiting env context: <rasterio.env.Env object at 0x10fb406e0>
2026-02-09 17:33:51,910 - DEBUG - Cleared existing <rasterio._env.GDALEnv object at 0x10fb58ac0> options
2026-02-09 17:33:51,910 - DEBUG - Stopped GDALEnv <rasterio._env.GDALEnv object at 0x10fb58ac0>.
2026-02-09 17:33:51,910 - DEBUG - Exiting outermost env
2026-02-09 17:33:51,910 - DEBUG - Exited env context: <rasterio.env.Env object at 0x10fb406e0>
2026-02-09 17:33:51,910 - INFO - Picture saved graz_4_supplemental_2025-08-11.tiff
2026-02-09 17:33:51,910 - DEBUG - Entering env context: <rasterio.env.Env object at 0x10fb406e0>
2026-02-09 17:33:51,910 - DEBUG - Starting outermost env
2026-02-09 17:33:51,910 - DEBUG - No GDAL environment exists
2026-02-09 17:33:51,911 - DEBUG - New GDAL environment <rasterio._env.GDALEnv object at 0x10fb58cd0> created
2026-02-09 17:33:51,911 - DEBUG - GDAL data found in package: path='/Users/red_dragon/Documents/projects/cdse_sinergise_planet/env/lib/python3.13/site-packages/rasterio/gdal_data'.
2026-02-09 17:33:51,911 - DEBUG - PROJ data found in package: path='/Users/red_dragon/Documents/projects/cdse_sinergise_planet/env/lib/python3.13/site-packages/rasterio/proj_data'.
2026-02-09 17:33:51,911 - DEBUG - Started GDALEnv: self=<rasterio._env.GDALEnv object at 0x10fb58cd0>.
2026-02-09 17:33:51,911 - DEBUG - Entered env context: <rasterio.env.Env object at 0x10fb406e0>
2026-02-09 17:33:51,911 - DEBUG - Nodata success: 0, Nodata value: 0.000000
2026-02-09 17:33:51,911 - DEBUG - Dataset <open DatasetReader name='graz_4_supplemental_2025-08-11.tiff' mode='r'> is started.
2026-02-09 17:33:51,911 - DEBUG - Exiting env context: <rasterio.env.Env object at 0x10fb406e0>
2026-02-09 17:33:51,911 - DEBUG - Cleared existing <rasterio._env.GDALEnv object at 0x10fb58cd0> options
2026-02-09 17:33:51,911 - DEBUG - Stopped GDALEnv <rasterio._env.GDALEnv object at 0x10fb58cd0>.
2026-02-09 17:33:51,911 - DEBUG - Exiting outermost env
2026-02-09 17:33:51,911 - DEBUG - Exited env context: <rasterio.env.Env object at 0x10fb406e0>
2026-02-09 17:33:51,911 - DEBUG - Entering env context: <rasterio.env.Env object at 0x10fb406e0>
2026-02-09 17:33:51,911 - DEBUG - Starting outermost env
2026-02-09 17:33:51,912 - DEBUG - No GDAL environment exists
2026-02-09 17:33:51,912 - DEBUG - New GDAL environment <rasterio._env.GDALEnv object at 0x10fb592a0> created
2026-02-09 17:33:51,912 - DEBUG - GDAL data found in package: path='/Users/red_dragon/Documents/projects/cdse_sinergise_planet/env/lib/python3.13/site-packages/rasterio/gdal_data'.
2026-02-09 17:33:51,912 - DEBUG - PROJ data found in package: path='/Users/red_dragon/Documents/projects/cdse_sinergise_planet/env/lib/python3.13/site-packages/rasterio/proj_data'.
2026-02-09 17:33:51,912 - DEBUG - Started GDALEnv: self=<rasterio._env.GDALEnv object at 0x10fb592a0>.
2026-02-09 17:33:51,912 - DEBUG - Entered env context: <rasterio.env.Env object at 0x10fb406e0>
2026-02-09 17:33:51,912 - DEBUG - Output nodata value read from file: None
2026-02-09 17:33:51,912 - DEBUG - Output nodata values: [None]
2026-02-09 17:33:51,912 - DEBUG - all_valid: True
2026-02-09 17:33:51,912 - DEBUG - mask_flags: ([<MaskFlags.all_valid: 1>],)
2026-02-09 17:33:51,912 - DEBUG - Jump straight to _read()
2026-02-09 17:33:51,912 - DEBUG - Window: None
2026-02-09 17:33:51,912 - DEBUG - IO window xoff=0.0 yoff=0.0 width=2452.0 height=2112.0
2026-02-09 17:33:51,924 - DEBUG - Exiting env context: <rasterio.env.Env object at 0x10fb406e0>
2026-02-09 17:33:51,925 - DEBUG - Cleared existing <rasterio._env.GDALEnv object at 0x10fb592a0> options
2026-02-09 17:33:51,925 - DEBUG - Stopped GDALEnv <rasterio._env.GDALEnv object at 0x10fb592a0>.
2026-02-09 17:33:51,925 - DEBUG - Exiting outermost env
2026-02-09 17:33:51,925 - DEBUG - Exited env context: <rasterio.env.Env object at 0x10fb406e0>
2026-02-09 17:33:51,935 - INFO - {'shape': (2112, 2452), 'dtype': 'float32', 'valid_ratio': '1.00', 'values range': '-0.08:0.92', 'mean': '0.61', 'size': '19.77 MB'}
2026-02-09 17:33:51,935 - DEBUG - Downloading for 2025-08-21
2026-02-09 17:33:51,935 - DEBUG - [646832.3533706688, 5325528.473139578, 659089.0981330753, 5336086.522280935]
2026-02-09 17:33:51,936 - DEBUG - Starting new HTTPS connection (1): sh.dataspace.copernicus.eu:443
2026-02-09 17:33:53,302 - DEBUG - https://sh.dataspace.copernicus.eu:443 "POST /api/v1/process HTTP/1.1" 200 None
2026-02-09 17:33:53,470 - DEBUG - Entering env context: <rasterio.env.Env object at 0x10fb41c50>
2026-02-09 17:33:53,471 - DEBUG - Starting outermost env
2026-02-09 17:33:53,471 - DEBUG - No GDAL environment exists
2026-02-09 17:33:53,471 - DEBUG - New GDAL environment <rasterio._env.GDALEnv object at 0x10fb59540> created
2026-02-09 17:33:53,471 - DEBUG - GDAL data found in package: path='/Users/red_dragon/Documents/projects/cdse_sinergise_planet/env/lib/python3.13/site-packages/rasterio/gdal_data'.
2026-02-09 17:33:53,471 - DEBUG - PROJ data found in package: path='/Users/red_dragon/Documents/projects/cdse_sinergise_planet/env/lib/python3.13/site-packages/rasterio/proj_data'.
2026-02-09 17:33:53,471 - DEBUG - Started GDALEnv: self=<rasterio._env.GDALEnv object at 0x10fb59540>.
2026-02-09 17:33:53,471 - DEBUG - Entered env context: <rasterio.env.Env object at 0x10fb41c50>
2026-02-09 17:33:53,471 - DEBUG - VSI path: /vsimem/449021a7-0909-475a-aeb5-7ba8cc55b2f7/449021a7-0909-475a-aeb5-7ba8cc55b2f7.tif
2026-02-09 17:33:53,473 - DEBUG - Nodata success: 0, Nodata value: 0.000000
2026-02-09 17:33:53,473 - DEBUG - Dataset <open DatasetReader name='/vsimem/449021a7-0909-475a-aeb5-7ba8cc55b2f7/449021a7-0909-475a-aeb5-7ba8cc55b2f7.tif' mode='r'> is started.
2026-02-09 17:33:53,474 - DEBUG - Exiting env context: <rasterio.env.Env object at 0x10fb41c50>
2026-02-09 17:33:53,474 - DEBUG - Cleared existing <rasterio._env.GDALEnv object at 0x10fb59540> options
2026-02-09 17:33:53,474 - DEBUG - Stopped GDALEnv <rasterio._env.GDALEnv object at 0x10fb59540>.
2026-02-09 17:33:53,474 - DEBUG - Exiting outermost env
2026-02-09 17:33:53,474 - DEBUG - Exited env context: <rasterio.env.Env object at 0x10fb41c50>
2026-02-09 17:33:53,474 - DEBUG - Output nodata value read from file: None
2026-02-09 17:33:53,474 - DEBUG - Output nodata values: [None]
2026-02-09 17:33:53,474 - DEBUG - all_valid: True
2026-02-09 17:33:53,474 - DEBUG - mask_flags: ([<MaskFlags.all_valid: 1>],)
2026-02-09 17:33:53,474 - DEBUG - Jump straight to _read()
2026-02-09 17:33:53,474 - DEBUG - Window: None
2026-02-09 17:33:53,474 - DEBUG - IO window xoff=0.0 yoff=0.0 width=1226.0 height=1056.0
2026-02-09 17:33:53,502 - DEBUG - [659089.0981330753, 5325528.473139578, 671345.8428954817, 5336086.522280935]
2026-02-09 17:33:53,505 - DEBUG - Starting new HTTPS connection (1): sh.dataspace.copernicus.eu:443
2026-02-09 17:33:54,822 - DEBUG - https://sh.dataspace.copernicus.eu:443 "POST /api/v1/process HTTP/1.1" 200 None
2026-02-09 17:33:55,007 - DEBUG - Entering env context: <rasterio.env.Env object at 0x10fb40ec0>
2026-02-09 17:33:55,007 - DEBUG - Starting outermost env
2026-02-09 17:33:55,007 - DEBUG - No GDAL environment exists
2026-02-09 17:33:55,007 - DEBUG - New GDAL environment <rasterio._env.GDALEnv object at 0x10fb58ac0> created
2026-02-09 17:33:55,007 - DEBUG - GDAL data found in package: path='/Users/red_dragon/Documents/projects/cdse_sinergise_planet/env/lib/python3.13/site-packages/rasterio/gdal_data'.
2026-02-09 17:33:55,007 - DEBUG - PROJ data found in package: path='/Users/red_dragon/Documents/projects/cdse_sinergise_planet/env/lib/python3.13/site-packages/rasterio/proj_data'.
2026-02-09 17:33:55,008 - DEBUG - Started GDALEnv: self=<rasterio._env.GDALEnv object at 0x10fb58ac0>.
2026-02-09 17:33:55,008 - DEBUG - Entered env context: <rasterio.env.Env object at 0x10fb40ec0>
2026-02-09 17:33:55,008 - DEBUG - VSI path: /vsimem/d7170e55-248f-4514-a44e-a8d264cba5a4/d7170e55-248f-4514-a44e-a8d264cba5a4.tif
2026-02-09 17:33:55,009 - DEBUG - Nodata success: 0, Nodata value: 0.000000
2026-02-09 17:33:55,009 - DEBUG - Dataset <open DatasetReader name='/vsimem/d7170e55-248f-4514-a44e-a8d264cba5a4/d7170e55-248f-4514-a44e-a8d264cba5a4.tif' mode='r'> is started.
2026-02-09 17:33:55,009 - DEBUG - Exiting env context: <rasterio.env.Env object at 0x10fb40ec0>
2026-02-09 17:33:55,009 - DEBUG - Cleared existing <rasterio._env.GDALEnv object at 0x10fb58ac0> options
2026-02-09 17:33:55,009 - DEBUG - Stopped GDALEnv <rasterio._env.GDALEnv object at 0x10fb58ac0>.
2026-02-09 17:33:55,009 - DEBUG - Exiting outermost env
2026-02-09 17:33:55,009 - DEBUG - Exited env context: <rasterio.env.Env object at 0x10fb40ec0>
2026-02-09 17:33:55,009 - DEBUG - Output nodata value read from file: None
2026-02-09 17:33:55,009 - DEBUG - Output nodata values: [None]
2026-02-09 17:33:55,010 - DEBUG - all_valid: True
2026-02-09 17:33:55,010 - DEBUG - mask_flags: ([<MaskFlags.all_valid: 1>],)
2026-02-09 17:33:55,010 - DEBUG - Jump straight to _read()
2026-02-09 17:33:55,010 - DEBUG - Window: None
2026-02-09 17:33:55,010 - DEBUG - IO window xoff=0.0 yoff=0.0 width=1226.0 height=1056.0
2026-02-09 17:33:55,020 - DEBUG - [646832.3533706688, 5336086.522280935, 659089.0981330753, 5346644.571422293]
2026-02-09 17:33:55,022 - DEBUG - Starting new HTTPS connection (1): sh.dataspace.copernicus.eu:443
2026-02-09 17:33:56,971 - DEBUG - https://sh.dataspace.copernicus.eu:443 "POST /api/v1/process HTTP/1.1" 200 None
2026-02-09 17:33:57,174 - DEBUG - Entering env context: <rasterio.env.Env object at 0x10fb40910>
2026-02-09 17:33:57,174 - DEBUG - Starting outermost env
2026-02-09 17:33:57,174 - DEBUG - No GDAL environment exists
2026-02-09 17:33:57,174 - DEBUG - New GDAL environment <rasterio._env.GDALEnv object at 0x10a72e050> created
2026-02-09 17:33:57,175 - DEBUG - GDAL data found in package: path='/Users/red_dragon/Documents/projects/cdse_sinergise_planet/env/lib/python3.13/site-packages/rasterio/gdal_data'.
2026-02-09 17:33:57,175 - DEBUG - PROJ data found in package: path='/Users/red_dragon/Documents/projects/cdse_sinergise_planet/env/lib/python3.13/site-packages/rasterio/proj_data'.
2026-02-09 17:33:57,175 - DEBUG - Started GDALEnv: self=<rasterio._env.GDALEnv object at 0x10a72e050>.
2026-02-09 17:33:57,175 - DEBUG - Entered env context: <rasterio.env.Env object at 0x10fb40910>
2026-02-09 17:33:57,175 - DEBUG - VSI path: /vsimem/11a3b525-c1e9-4c9d-a85e-74616776d983/11a3b525-c1e9-4c9d-a85e-74616776d983.tif
2026-02-09 17:33:57,177 - DEBUG - Nodata success: 0, Nodata value: 0.000000
2026-02-09 17:33:57,177 - DEBUG - Dataset <open DatasetReader name='/vsimem/11a3b525-c1e9-4c9d-a85e-74616776d983/11a3b525-c1e9-4c9d-a85e-74616776d983.tif' mode='r'> is started.
2026-02-09 17:33:57,177 - DEBUG - Exiting env context: <rasterio.env.Env object at 0x10fb40910>
2026-02-09 17:33:57,177 - DEBUG - Cleared existing <rasterio._env.GDALEnv object at 0x10a72e050> options
2026-02-09 17:33:57,177 - DEBUG - Stopped GDALEnv <rasterio._env.GDALEnv object at 0x10a72e050>.
2026-02-09 17:33:57,177 - DEBUG - Exiting outermost env
2026-02-09 17:33:57,177 - DEBUG - Exited env context: <rasterio.env.Env object at 0x10fb40910>
2026-02-09 17:33:57,177 - DEBUG - Output nodata value read from file: None
2026-02-09 17:33:57,178 - DEBUG - Output nodata values: [None]
2026-02-09 17:33:57,178 - DEBUG - all_valid: True
2026-02-09 17:33:57,178 - DEBUG - mask_flags: ([<MaskFlags.all_valid: 1>],)
2026-02-09 17:33:57,178 - DEBUG - Jump straight to _read()
2026-02-09 17:33:57,178 - DEBUG - Window: None
2026-02-09 17:33:57,178 - DEBUG - IO window xoff=0.0 yoff=0.0 width=1226.0 height=1056.0
2026-02-09 17:33:57,187 - DEBUG - [659089.0981330753, 5336086.522280935, 671345.8428954817, 5346644.571422293]
2026-02-09 17:33:57,188 - DEBUG - Starting new HTTPS connection (1): sh.dataspace.copernicus.eu:443
2026-02-09 17:33:58,610 - DEBUG - https://sh.dataspace.copernicus.eu:443 "POST /api/v1/process HTTP/1.1" 200 None
2026-02-09 17:33:58,767 - DEBUG - Entering env context: <rasterio.env.Env object at 0x10fb40d70>
2026-02-09 17:33:58,768 - DEBUG - Starting outermost env
2026-02-09 17:33:58,768 - DEBUG - No GDAL environment exists
2026-02-09 17:33:58,768 - DEBUG - New GDAL environment <rasterio._env.GDALEnv object at 0x10fb59930> created
2026-02-09 17:33:58,768 - DEBUG - GDAL data found in package: path='/Users/red_dragon/Documents/projects/cdse_sinergise_planet/env/lib/python3.13/site-packages/rasterio/gdal_data'.
2026-02-09 17:33:58,768 - DEBUG - PROJ data found in package: path='/Users/red_dragon/Documents/projects/cdse_sinergise_planet/env/lib/python3.13/site-packages/rasterio/proj_data'.
2026-02-09 17:33:58,768 - DEBUG - Started GDALEnv: self=<rasterio._env.GDALEnv object at 0x10fb59930>.
2026-02-09 17:33:58,768 - DEBUG - Entered env context: <rasterio.env.Env object at 0x10fb40d70>
2026-02-09 17:33:58,769 - DEBUG - VSI path: /vsimem/053ecc44-aa9b-4168-bb05-71b0789560db/053ecc44-aa9b-4168-bb05-71b0789560db.tif
2026-02-09 17:33:58,771 - DEBUG - Nodata success: 0, Nodata value: 0.000000
2026-02-09 17:33:58,771 - DEBUG - Dataset <open DatasetReader name='/vsimem/053ecc44-aa9b-4168-bb05-71b0789560db/053ecc44-aa9b-4168-bb05-71b0789560db.tif' mode='r'> is started.
2026-02-09 17:33:58,771 - DEBUG - Exiting env context: <rasterio.env.Env object at 0x10fb40d70>
2026-02-09 17:33:58,771 - DEBUG - Cleared existing <rasterio._env.GDALEnv object at 0x10fb59930> options
2026-02-09 17:33:58,771 - DEBUG - Stopped GDALEnv <rasterio._env.GDALEnv object at 0x10fb59930>.
2026-02-09 17:33:58,771 - DEBUG - Exiting outermost env
2026-02-09 17:33:58,771 - DEBUG - Exited env context: <rasterio.env.Env object at 0x10fb40d70>
2026-02-09 17:33:58,771 - DEBUG - Output nodata value read from file: None
2026-02-09 17:33:58,771 - DEBUG - Output nodata values: [None]
2026-02-09 17:33:58,772 - DEBUG - all_valid: True
2026-02-09 17:33:58,772 - DEBUG - mask_flags: ([<MaskFlags.all_valid: 1>],)
2026-02-09 17:33:58,772 - DEBUG - Jump straight to _read()
2026-02-09 17:33:58,772 - DEBUG - Window: None
2026-02-09 17:33:58,772 - DEBUG - IO window xoff=0.0 yoff=0.0 width=1226.0 height=1056.0
2026-02-09 17:33:58,782 - DEBUG - Set nodataval to 0
2026-02-09 17:33:58,786 - DEBUG - Output nodata value read from file: None
2026-02-09 17:33:58,786 - DEBUG - Output nodata values: [None]
2026-02-09 17:33:58,786 - DEBUG - all_valid: True
2026-02-09 17:33:58,786 - DEBUG - mask_flags: ([<MaskFlags.all_valid: 1>],)
2026-02-09 17:33:58,786 - DEBUG - Jump straight to _read()
2026-02-09 17:33:58,786 - DEBUG - Window: Window(col_off=np.float64(0.0), row_off=np.float64(-0.0), width=np.float64(1226.0), height=np.float64(1056.0))
2026-02-09 17:33:58,787 - DEBUG - IO window xoff=0.0 yoff=-0.0 width=1226.0 height=1056.0
2026-02-09 17:33:58,792 - DEBUG - Output nodata value read from file: None
2026-02-09 17:33:58,792 - DEBUG - Output nodata values: [None]
2026-02-09 17:33:58,792 - DEBUG - all_valid: True
2026-02-09 17:33:58,792 - DEBUG - mask_flags: ([<MaskFlags.all_valid: 1>],)
2026-02-09 17:33:58,792 - DEBUG - Jump straight to _read()
2026-02-09 17:33:58,792 - DEBUG - Window: Window(col_off=np.float64(0.0), row_off=np.float64(-0.0), width=np.float64(1226.0), height=np.float64(1056.0))
2026-02-09 17:33:58,792 - DEBUG - IO window xoff=0.0 yoff=-0.0 width=1226.0 height=1056.0
2026-02-09 17:33:58,798 - DEBUG - Output nodata value read from file: None
2026-02-09 17:33:58,799 - DEBUG - Output nodata values: [None]
2026-02-09 17:33:58,799 - DEBUG - all_valid: True
2026-02-09 17:33:58,799 - DEBUG - mask_flags: ([<MaskFlags.all_valid: 1>],)
2026-02-09 17:33:58,799 - DEBUG - Jump straight to _read()
2026-02-09 17:33:58,799 - DEBUG - Window: Window(col_off=np.float64(0.0), row_off=np.float64(-0.0), width=np.float64(1226.0), height=np.float64(1056.0))
2026-02-09 17:33:58,799 - DEBUG - IO window xoff=0.0 yoff=-0.0 width=1226.0 height=1056.0
2026-02-09 17:33:58,804 - DEBUG - Output nodata value read from file: None
2026-02-09 17:33:58,804 - DEBUG - Output nodata values: [None]
2026-02-09 17:33:58,804 - DEBUG - all_valid: True
2026-02-09 17:33:58,804 - DEBUG - mask_flags: ([<MaskFlags.all_valid: 1>],)
2026-02-09 17:33:58,804 - DEBUG - Jump straight to _read()
2026-02-09 17:33:58,804 - DEBUG - Window: Window(col_off=np.float64(0.0), row_off=np.float64(-0.0), width=np.float64(1226.0), height=np.float64(1056.0))
2026-02-09 17:33:58,804 - DEBUG - IO window xoff=0.0 yoff=-0.0 width=1226.0 height=1056.0
2026-02-09 17:33:58,806 - DEBUG - Entering env context: <rasterio.env.Env object at 0x10fb40d70>
2026-02-09 17:33:58,806 - DEBUG - Starting outermost env
2026-02-09 17:33:58,806 - DEBUG - No GDAL environment exists
2026-02-09 17:33:58,806 - DEBUG - New GDAL environment <rasterio._env.GDALEnv object at 0x10d219570> created
2026-02-09 17:33:58,806 - DEBUG - GDAL data found in package: path='/Users/red_dragon/Documents/projects/cdse_sinergise_planet/env/lib/python3.13/site-packages/rasterio/gdal_data'.
2026-02-09 17:33:58,806 - DEBUG - PROJ data found in package: path='/Users/red_dragon/Documents/projects/cdse_sinergise_planet/env/lib/python3.13/site-packages/rasterio/proj_data'.
2026-02-09 17:33:58,806 - DEBUG - Started GDALEnv: self=<rasterio._env.GDALEnv object at 0x10d219570>.
2026-02-09 17:33:58,806 - DEBUG - Entered env context: <rasterio.env.Env object at 0x10fb40d70>
2026-02-09 17:33:58,817 - DEBUG - Nodata success: 0, Nodata value: 0.000000
2026-02-09 17:33:58,818 - DEBUG - Exiting env context: <rasterio.env.Env object at 0x10fb40d70>
2026-02-09 17:33:58,818 - DEBUG - Cleared existing <rasterio._env.GDALEnv object at 0x10d219570> options
2026-02-09 17:33:58,818 - DEBUG - Stopped GDALEnv <rasterio._env.GDALEnv object at 0x10d219570>.
2026-02-09 17:33:58,818 - DEBUG - Exiting outermost env
2026-02-09 17:33:58,818 - DEBUG - Exited env context: <rasterio.env.Env object at 0x10fb40d70>
2026-02-09 17:33:58,818 - DEBUG - Entering env context: <rasterio.env.Env object at 0x10fb40d70>
2026-02-09 17:33:58,818 - DEBUG - Starting outermost env
2026-02-09 17:33:58,818 - DEBUG - No GDAL environment exists
2026-02-09 17:33:58,818 - DEBUG - New GDAL environment <rasterio._env.GDALEnv object at 0x10d219570> created
2026-02-09 17:33:58,819 - DEBUG - GDAL data found in package: path='/Users/red_dragon/Documents/projects/cdse_sinergise_planet/env/lib/python3.13/site-packages/rasterio/gdal_data'.
2026-02-09 17:33:58,819 - DEBUG - PROJ data found in package: path='/Users/red_dragon/Documents/projects/cdse_sinergise_planet/env/lib/python3.13/site-packages/rasterio/proj_data'.
2026-02-09 17:33:58,819 - DEBUG - Started GDALEnv: self=<rasterio._env.GDALEnv object at 0x10d219570>.
2026-02-09 17:33:58,819 - DEBUG - Entered env context: <rasterio.env.Env object at 0x10fb40d70>
2026-02-09 17:33:58,839 - DEBUG - Exiting env context: <rasterio.env.Env object at 0x10fb40d70>
2026-02-09 17:33:58,839 - DEBUG - Cleared existing <rasterio._env.GDALEnv object at 0x10d219570> options
2026-02-09 17:33:58,839 - DEBUG - Stopped GDALEnv <rasterio._env.GDALEnv object at 0x10d219570>.
2026-02-09 17:33:58,839 - DEBUG - Exiting outermost env
2026-02-09 17:33:58,839 - DEBUG - Exited env context: <rasterio.env.Env object at 0x10fb40d70>
2026-02-09 17:33:58,839 - INFO - Picture saved graz_4_supplemental_2025-08-21.tiff
2026-02-09 17:33:58,839 - DEBUG - Entering env context: <rasterio.env.Env object at 0x10fb40d70>
2026-02-09 17:33:58,839 - DEBUG - Starting outermost env
2026-02-09 17:33:58,839 - DEBUG - No GDAL environment exists
2026-02-09 17:33:58,839 - DEBUG - New GDAL environment <rasterio._env.GDALEnv object at 0x10d219570> created
2026-02-09 17:33:58,840 - DEBUG - GDAL data found in package: path='/Users/red_dragon/Documents/projects/cdse_sinergise_planet/env/lib/python3.13/site-packages/rasterio/gdal_data'.
2026-02-09 17:33:58,840 - DEBUG - PROJ data found in package: path='/Users/red_dragon/Documents/projects/cdse_sinergise_planet/env/lib/python3.13/site-packages/rasterio/proj_data'.
2026-02-09 17:33:58,840 - DEBUG - Started GDALEnv: self=<rasterio._env.GDALEnv object at 0x10d219570>.
2026-02-09 17:33:58,840 - DEBUG - Entered env context: <rasterio.env.Env object at 0x10fb40d70>
2026-02-09 17:33:58,840 - DEBUG - Nodata success: 0, Nodata value: 0.000000
2026-02-09 17:33:58,840 - DEBUG - Dataset <open DatasetReader name='graz_4_supplemental_2025-08-21.tiff' mode='r'> is started.
2026-02-09 17:33:58,840 - DEBUG - Exiting env context: <rasterio.env.Env object at 0x10fb40d70>
2026-02-09 17:33:58,840 - DEBUG - Cleared existing <rasterio._env.GDALEnv object at 0x10d219570> options
2026-02-09 17:33:58,840 - DEBUG - Stopped GDALEnv <rasterio._env.GDALEnv object at 0x10d219570>.
2026-02-09 17:33:58,840 - DEBUG - Exiting outermost env
2026-02-09 17:33:58,840 - DEBUG - Exited env context: <rasterio.env.Env object at 0x10fb40d70>
2026-02-09 17:33:58,840 - DEBUG - Entering env context: <rasterio.env.Env object at 0x10fb40d70>
2026-02-09 17:33:58,840 - DEBUG - Starting outermost env
2026-02-09 17:33:58,840 - DEBUG - No GDAL environment exists
2026-02-09 17:33:58,840 - DEBUG - New GDAL environment <rasterio._env.GDALEnv object at 0x10d219570> created
2026-02-09 17:33:58,840 - DEBUG - GDAL data found in package: path='/Users/red_dragon/Documents/projects/cdse_sinergise_planet/env/lib/python3.13/site-packages/rasterio/gdal_data'.
2026-02-09 17:33:58,840 - DEBUG - PROJ data found in package: path='/Users/red_dragon/Documents/projects/cdse_sinergise_planet/env/lib/python3.13/site-packages/rasterio/proj_data'.
2026-02-09 17:33:58,841 - DEBUG - Started GDALEnv: self=<rasterio._env.GDALEnv object at 0x10d219570>.
2026-02-09 17:33:58,841 - DEBUG - Entered env context: <rasterio.env.Env object at 0x10fb40d70>
2026-02-09 17:33:58,841 - DEBUG - Output nodata value read from file: None
2026-02-09 17:33:58,841 - DEBUG - Output nodata values: [None]
2026-02-09 17:33:58,841 - DEBUG - all_valid: True
2026-02-09 17:33:58,841 - DEBUG - mask_flags: ([<MaskFlags.all_valid: 1>],)
2026-02-09 17:33:58,841 - DEBUG - Jump straight to _read()
2026-02-09 17:33:58,841 - DEBUG - Window: None
2026-02-09 17:33:58,841 - DEBUG - IO window xoff=0.0 yoff=0.0 width=2452.0 height=2112.0
2026-02-09 17:33:58,852 - DEBUG - Exiting env context: <rasterio.env.Env object at 0x10fb40d70>
2026-02-09 17:33:58,852 - DEBUG - Cleared existing <rasterio._env.GDALEnv object at 0x10d219570> options
2026-02-09 17:33:58,852 - DEBUG - Stopped GDALEnv <rasterio._env.GDALEnv object at 0x10d219570>.
2026-02-09 17:33:58,852 - DEBUG - Exiting outermost env
2026-02-09 17:33:58,853 - DEBUG - Exited env context: <rasterio.env.Env object at 0x10fb40d70>
2026-02-09 17:33:58,860 - INFO - {'shape': (2112, 2452), 'dtype': 'float32', 'valid_ratio': '1.00', 'values range': '-0.08:0.92', 'mean': '0.58', 'size': '19.77 MB'}
2026-02-09 17:33:58,860 - DEBUG - 📚
2026-02-09 17:33:58,860 - DEBUG - ['graz_4_supplemental_2025-08-01.tiff', 'graz_4_supplemental_2025-08-11.tiff', 'graz_4_supplemental_2025-08-21.tiff']
2026-02-09 17:33:58,860 - DEBUG - Entering env context: <rasterio.env.Env object at 0x10fb40d70>
2026-02-09 17:33:58,860 - DEBUG - Starting outermost env
2026-02-09 17:33:58,860 - DEBUG - No GDAL environment exists
2026-02-09 17:33:58,860 - DEBUG - New GDAL environment <rasterio._env.GDALEnv object at 0x10fb59090> created
2026-02-09 17:33:58,860 - DEBUG - GDAL data found in package: path='/Users/red_dragon/Documents/projects/cdse_sinergise_planet/env/lib/python3.13/site-packages/rasterio/gdal_data'.
2026-02-09 17:33:58,860 - DEBUG - PROJ data found in package: path='/Users/red_dragon/Documents/projects/cdse_sinergise_planet/env/lib/python3.13/site-packages/rasterio/proj_data'.
2026-02-09 17:33:58,860 - DEBUG - Started GDALEnv: self=<rasterio._env.GDALEnv object at 0x10fb59090>.
2026-02-09 17:33:58,860 - DEBUG - Entered env context: <rasterio.env.Env object at 0x10fb40d70>
2026-02-09 17:33:58,861 - DEBUG - Nodata success: 1, Nodata value: nan
2026-02-09 17:33:58,861 - DEBUG - Dataset <open DatasetReader name='graz_4_2025-08-02.tiff' mode='r'> is started.
2026-02-09 17:33:58,861 - DEBUG - Exiting env context: <rasterio.env.Env object at 0x10fb40d70>
2026-02-09 17:33:58,861 - DEBUG - Cleared existing <rasterio._env.GDALEnv object at 0x10fb59090> options
2026-02-09 17:33:58,861 - DEBUG - Stopped GDALEnv <rasterio._env.GDALEnv object at 0x10fb59090>.
2026-02-09 17:33:58,861 - DEBUG - Exiting outermost env
2026-02-09 17:33:58,861 - DEBUG - Exited env context: <rasterio.env.Env object at 0x10fb40d70>
2026-02-09 17:33:58,861 - DEBUG - Entering env context: <rasterio.env.Env object at 0x10fb40d70>
2026-02-09 17:33:58,861 - DEBUG - Starting outermost env
2026-02-09 17:33:58,861 - DEBUG - No GDAL environment exists
2026-02-09 17:33:58,861 - DEBUG - New GDAL environment <rasterio._env.GDALEnv object at 0x10fb59570> created
2026-02-09 17:33:58,861 - DEBUG - GDAL data found in package: path='/Users/red_dragon/Documents/projects/cdse_sinergise_planet/env/lib/python3.13/site-packages/rasterio/gdal_data'.
2026-02-09 17:33:58,861 - DEBUG - PROJ data found in package: path='/Users/red_dragon/Documents/projects/cdse_sinergise_planet/env/lib/python3.13/site-packages/rasterio/proj_data'.
2026-02-09 17:33:58,861 - DEBUG - Started GDALEnv: self=<rasterio._env.GDALEnv object at 0x10fb59570>.
2026-02-09 17:33:58,861 - DEBUG - Entered env context: <rasterio.env.Env object at 0x10fb40d70>
2026-02-09 17:33:58,861 - DEBUG - Output nodata value read from file: nan
2026-02-09 17:33:58,861 - DEBUG - Output nodata values: [nan]
2026-02-09 17:33:58,862 - DEBUG - all_valid: False
2026-02-09 17:33:58,862 - DEBUG - mask_flags: ([<MaskFlags.nodata: 8>],)
2026-02-09 17:33:58,862 - DEBUG - Jump straight to _read()
2026-02-09 17:33:58,862 - DEBUG - Window: None
2026-02-09 17:33:58,862 - DEBUG - IO window xoff=0.0 yoff=0.0 width=2452.0 height=2112.0
2026-02-09 17:33:58,882 - DEBUG - Exiting env context: <rasterio.env.Env object at 0x10fb40d70>
2026-02-09 17:33:58,883 - DEBUG - Cleared existing <rasterio._env.GDALEnv object at 0x10fb59570> options
2026-02-09 17:33:58,883 - DEBUG - Stopped GDALEnv <rasterio._env.GDALEnv object at 0x10fb59570>.
2026-02-09 17:33:58,883 - DEBUG - Exiting outermost env
2026-02-09 17:33:58,883 - DEBUG - Exited env context: <rasterio.env.Env object at 0x10fb40d70>
2026-02-09 17:33:58,883 - DEBUG - Entering env context: <rasterio.env.Env object at 0x10fb40d70>
2026-02-09 17:33:58,883 - DEBUG - Starting outermost env
2026-02-09 17:33:58,883 - DEBUG - No GDAL environment exists
2026-02-09 17:33:58,883 - DEBUG - New GDAL environment <rasterio._env.GDALEnv object at 0x10fb17a30> created
2026-02-09 17:33:58,883 - DEBUG - GDAL data found in package: path='/Users/red_dragon/Documents/projects/cdse_sinergise_planet/env/lib/python3.13/site-packages/rasterio/gdal_data'.
2026-02-09 17:33:58,883 - DEBUG - PROJ data found in package: path='/Users/red_dragon/Documents/projects/cdse_sinergise_planet/env/lib/python3.13/site-packages/rasterio/proj_data'.
2026-02-09 17:33:58,883 - DEBUG - Started GDALEnv: self=<rasterio._env.GDALEnv object at 0x10fb17a30>.
2026-02-09 17:33:58,883 - DEBUG - Entered env context: <rasterio.env.Env object at 0x10fb40d70>
2026-02-09 17:33:58,884 - DEBUG - Nodata success: 1, Nodata value: nan
2026-02-09 17:33:58,884 - DEBUG - Dataset <open DatasetReader name='graz_4_2025-08-09.tiff' mode='r'> is started.
2026-02-09 17:33:58,884 - DEBUG - Exiting env context: <rasterio.env.Env object at 0x10fb40d70>
2026-02-09 17:33:58,884 - DEBUG - Cleared existing <rasterio._env.GDALEnv object at 0x10fb17a30> options
2026-02-09 17:33:58,884 - DEBUG - Stopped GDALEnv <rasterio._env.GDALEnv object at 0x10fb17a30>.
2026-02-09 17:33:58,884 - DEBUG - Exiting outermost env
2026-02-09 17:33:58,884 - DEBUG - Exited env context: <rasterio.env.Env object at 0x10fb40d70>
2026-02-09 17:33:58,884 - DEBUG - Entering env context: <rasterio.env.Env object at 0x10fb40d70>
2026-02-09 17:33:58,884 - DEBUG - Starting outermost env
2026-02-09 17:33:58,884 - DEBUG - No GDAL environment exists
2026-02-09 17:33:58,884 - DEBUG - New GDAL environment <rasterio._env.GDALEnv object at 0x10fb17a30> created
2026-02-09 17:33:58,884 - DEBUG - GDAL data found in package: path='/Users/red_dragon/Documents/projects/cdse_sinergise_planet/env/lib/python3.13/site-packages/rasterio/gdal_data'.
2026-02-09 17:33:58,884 - DEBUG - PROJ data found in package: path='/Users/red_dragon/Documents/projects/cdse_sinergise_planet/env/lib/python3.13/site-packages/rasterio/proj_data'.
2026-02-09 17:33:58,884 - DEBUG - Started GDALEnv: self=<rasterio._env.GDALEnv object at 0x10fb17a30>.
2026-02-09 17:33:58,884 - DEBUG - Entered env context: <rasterio.env.Env object at 0x10fb40d70>
2026-02-09 17:33:58,884 - DEBUG - Output nodata value read from file: nan
2026-02-09 17:33:58,884 - DEBUG - Output nodata values: [nan]
2026-02-09 17:33:58,884 - DEBUG - all_valid: False
2026-02-09 17:33:58,884 - DEBUG - mask_flags: ([<MaskFlags.nodata: 8>],)
2026-02-09 17:33:58,884 - DEBUG - Jump straight to _read()
2026-02-09 17:33:58,884 - DEBUG - Window: None
2026-02-09 17:33:58,884 - DEBUG - IO window xoff=0.0 yoff=0.0 width=2452.0 height=2112.0
2026-02-09 17:33:58,905 - DEBUG - Exiting env context: <rasterio.env.Env object at 0x10fb40d70>
2026-02-09 17:33:58,905 - DEBUG - Cleared existing <rasterio._env.GDALEnv object at 0x10fb17a30> options
2026-02-09 17:33:58,905 - DEBUG - Stopped GDALEnv <rasterio._env.GDALEnv object at 0x10fb17a30>.
2026-02-09 17:33:58,905 - DEBUG - Exiting outermost env
2026-02-09 17:33:58,905 - DEBUG - Exited env context: <rasterio.env.Env object at 0x10fb40d70>
2026-02-09 17:33:58,905 - DEBUG - Entering env context: <rasterio.env.Env object at 0x10fb40d70>
2026-02-09 17:33:58,905 - DEBUG - Starting outermost env
2026-02-09 17:33:58,905 - DEBUG - No GDAL environment exists
2026-02-09 17:33:58,905 - DEBUG - New GDAL environment <rasterio._env.GDALEnv object at 0x10fb17a30> created
2026-02-09 17:33:58,905 - DEBUG - GDAL data found in package: path='/Users/red_dragon/Documents/projects/cdse_sinergise_planet/env/lib/python3.13/site-packages/rasterio/gdal_data'.
2026-02-09 17:33:58,905 - DEBUG - PROJ data found in package: path='/Users/red_dragon/Documents/projects/cdse_sinergise_planet/env/lib/python3.13/site-packages/rasterio/proj_data'.
2026-02-09 17:33:58,905 - DEBUG - Started GDALEnv: self=<rasterio._env.GDALEnv object at 0x10fb17a30>.
2026-02-09 17:33:58,905 - DEBUG - Entered env context: <rasterio.env.Env object at 0x10fb40d70>
2026-02-09 17:33:58,907 - DEBUG - Nodata success: 1, Nodata value: nan
2026-02-09 17:33:58,907 - DEBUG - Dataset <open DatasetReader name='graz_4_2025-08-12.tiff' mode='r'> is started.
2026-02-09 17:33:58,907 - DEBUG - Exiting env context: <rasterio.env.Env object at 0x10fb40d70>
2026-02-09 17:33:58,907 - DEBUG - Cleared existing <rasterio._env.GDALEnv object at 0x10fb17a30> options
2026-02-09 17:33:58,907 - DEBUG - Stopped GDALEnv <rasterio._env.GDALEnv object at 0x10fb17a30>.
2026-02-09 17:33:58,907 - DEBUG - Exiting outermost env
2026-02-09 17:33:58,907 - DEBUG - Exited env context: <rasterio.env.Env object at 0x10fb40d70>
2026-02-09 17:33:58,907 - DEBUG - Entering env context: <rasterio.env.Env object at 0x10fb40d70>
2026-02-09 17:33:58,907 - DEBUG - Starting outermost env
2026-02-09 17:33:58,907 - DEBUG - No GDAL environment exists
2026-02-09 17:33:58,907 - DEBUG - New GDAL environment <rasterio._env.GDALEnv object at 0x10fb17a30> created
2026-02-09 17:33:58,907 - DEBUG - GDAL data found in package: path='/Users/red_dragon/Documents/projects/cdse_sinergise_planet/env/lib/python3.13/site-packages/rasterio/gdal_data'.
2026-02-09 17:33:58,907 - DEBUG - PROJ data found in package: path='/Users/red_dragon/Documents/projects/cdse_sinergise_planet/env/lib/python3.13/site-packages/rasterio/proj_data'.
2026-02-09 17:33:58,907 - DEBUG - Started GDALEnv: self=<rasterio._env.GDALEnv object at 0x10fb17a30>.
2026-02-09 17:33:58,907 - DEBUG - Entered env context: <rasterio.env.Env object at 0x10fb40d70>
2026-02-09 17:33:58,907 - DEBUG - Output nodata value read from file: nan
2026-02-09 17:33:58,907 - DEBUG - Output nodata values: [nan]
2026-02-09 17:33:58,907 - DEBUG - all_valid: False
2026-02-09 17:33:58,907 - DEBUG - mask_flags: ([<MaskFlags.nodata: 8>],)
2026-02-09 17:33:58,907 - DEBUG - Jump straight to _read()
2026-02-09 17:33:58,907 - DEBUG - Window: None
2026-02-09 17:33:58,907 - DEBUG - IO window xoff=0.0 yoff=0.0 width=2452.0 height=2112.0
2026-02-09 17:33:58,920 - DEBUG - Exiting env context: <rasterio.env.Env object at 0x10fb40d70>
2026-02-09 17:33:58,920 - DEBUG - Cleared existing <rasterio._env.GDALEnv object at 0x10fb17a30> options
2026-02-09 17:33:58,920 - DEBUG - Stopped GDALEnv <rasterio._env.GDALEnv object at 0x10fb17a30>.
2026-02-09 17:33:58,920 - DEBUG - Exiting outermost env
2026-02-09 17:33:58,921 - DEBUG - Exited env context: <rasterio.env.Env object at 0x10fb40d70>
2026-02-09 17:33:58,921 - DEBUG - Entering env context: <rasterio.env.Env object at 0x10fb40d70>
2026-02-09 17:33:58,921 - DEBUG - Starting outermost env
2026-02-09 17:33:58,921 - DEBUG - No GDAL environment exists
2026-02-09 17:33:58,921 - DEBUG - New GDAL environment <rasterio._env.GDALEnv object at 0x10fb17a30> created
2026-02-09 17:33:58,921 - DEBUG - GDAL data found in package: path='/Users/red_dragon/Documents/projects/cdse_sinergise_planet/env/lib/python3.13/site-packages/rasterio/gdal_data'.
2026-02-09 17:33:58,921 - DEBUG - PROJ data found in package: path='/Users/red_dragon/Documents/projects/cdse_sinergise_planet/env/lib/python3.13/site-packages/rasterio/proj_data'.
2026-02-09 17:33:58,921 - DEBUG - Started GDALEnv: self=<rasterio._env.GDALEnv object at 0x10fb17a30>.
2026-02-09 17:33:58,921 - DEBUG - Entered env context: <rasterio.env.Env object at 0x10fb40d70>
2026-02-09 17:33:58,922 - DEBUG - Nodata success: 1, Nodata value: nan
2026-02-09 17:33:58,922 - DEBUG - Dataset <open DatasetReader name='graz_4_2025-08-19.tiff' mode='r'> is started.
2026-02-09 17:33:58,922 - DEBUG - Exiting env context: <rasterio.env.Env object at 0x10fb40d70>
2026-02-09 17:33:58,922 - DEBUG - Cleared existing <rasterio._env.GDALEnv object at 0x10fb17a30> options
2026-02-09 17:33:58,922 - DEBUG - Stopped GDALEnv <rasterio._env.GDALEnv object at 0x10fb17a30>.
2026-02-09 17:33:58,922 - DEBUG - Exiting outermost env
2026-02-09 17:33:58,922 - DEBUG - Exited env context: <rasterio.env.Env object at 0x10fb40d70>
2026-02-09 17:33:58,922 - DEBUG - Entering env context: <rasterio.env.Env object at 0x10fb40d70>
2026-02-09 17:33:58,922 - DEBUG - Starting outermost env
2026-02-09 17:33:58,922 - DEBUG - No GDAL environment exists
2026-02-09 17:33:58,922 - DEBUG - New GDAL environment <rasterio._env.GDALEnv object at 0x10fb17a30> created
2026-02-09 17:33:58,922 - DEBUG - GDAL data found in package: path='/Users/red_dragon/Documents/projects/cdse_sinergise_planet/env/lib/python3.13/site-packages/rasterio/gdal_data'.
2026-02-09 17:33:58,922 - DEBUG - PROJ data found in package: path='/Users/red_dragon/Documents/projects/cdse_sinergise_planet/env/lib/python3.13/site-packages/rasterio/proj_data'.
2026-02-09 17:33:58,922 - DEBUG - Started GDALEnv: self=<rasterio._env.GDALEnv object at 0x10fb17a30>.
2026-02-09 17:33:58,922 - DEBUG - Entered env context: <rasterio.env.Env object at 0x10fb40d70>
2026-02-09 17:33:58,922 - DEBUG - Output nodata value read from file: nan
2026-02-09 17:33:58,922 - DEBUG - Output nodata values: [nan]
2026-02-09 17:33:58,923 - DEBUG - all_valid: False
2026-02-09 17:33:58,923 - DEBUG - mask_flags: ([<MaskFlags.nodata: 8>],)
2026-02-09 17:33:58,923 - DEBUG - Jump straight to _read()
2026-02-09 17:33:58,923 - DEBUG - Window: None
2026-02-09 17:33:58,923 - DEBUG - IO window xoff=0.0 yoff=0.0 width=2452.0 height=2112.0
2026-02-09 17:33:58,943 - DEBUG - Exiting env context: <rasterio.env.Env object at 0x10fb40d70>
2026-02-09 17:33:58,943 - DEBUG - Cleared existing <rasterio._env.GDALEnv object at 0x10fb17a30> options
2026-02-09 17:33:58,943 - DEBUG - Stopped GDALEnv <rasterio._env.GDALEnv object at 0x10fb17a30>.
2026-02-09 17:33:58,943 - DEBUG - Exiting outermost env
2026-02-09 17:33:58,943 - DEBUG - Exited env context: <rasterio.env.Env object at 0x10fb40d70>
2026-02-09 17:33:58,943 - DEBUG - Entering env context: <rasterio.env.Env object at 0x10fb40d70>
2026-02-09 17:33:58,943 - DEBUG - Starting outermost env
2026-02-09 17:33:58,943 - DEBUG - No GDAL environment exists
2026-02-09 17:33:58,943 - DEBUG - New GDAL environment <rasterio._env.GDALEnv object at 0x10fb17a30> created
2026-02-09 17:33:58,943 - DEBUG - GDAL data found in package: path='/Users/red_dragon/Documents/projects/cdse_sinergise_planet/env/lib/python3.13/site-packages/rasterio/gdal_data'.
2026-02-09 17:33:58,943 - DEBUG - PROJ data found in package: path='/Users/red_dragon/Documents/projects/cdse_sinergise_planet/env/lib/python3.13/site-packages/rasterio/proj_data'.
2026-02-09 17:33:58,943 - DEBUG - Started GDALEnv: self=<rasterio._env.GDALEnv object at 0x10fb17a30>.
2026-02-09 17:33:58,943 - DEBUG - Entered env context: <rasterio.env.Env object at 0x10fb40d70>
2026-02-09 17:33:58,944 - DEBUG - Nodata success: 1, Nodata value: nan
2026-02-09 17:33:58,944 - DEBUG - Dataset <open DatasetReader name='graz_4_2025-08-22.tiff' mode='r'> is started.
2026-02-09 17:33:58,944 - DEBUG - Exiting env context: <rasterio.env.Env object at 0x10fb40d70>
2026-02-09 17:33:58,944 - DEBUG - Cleared existing <rasterio._env.GDALEnv object at 0x10fb17a30> options
2026-02-09 17:33:58,944 - DEBUG - Stopped GDALEnv <rasterio._env.GDALEnv object at 0x10fb17a30>.
2026-02-09 17:33:58,944 - DEBUG - Exiting outermost env
2026-02-09 17:33:58,944 - DEBUG - Exited env context: <rasterio.env.Env object at 0x10fb40d70>
2026-02-09 17:33:58,944 - DEBUG - Entering env context: <rasterio.env.Env object at 0x10fb40d70>
2026-02-09 17:33:58,944 - DEBUG - Starting outermost env
2026-02-09 17:33:58,944 - DEBUG - No GDAL environment exists
2026-02-09 17:33:58,944 - DEBUG - New GDAL environment <rasterio._env.GDALEnv object at 0x10fb17a30> created
2026-02-09 17:33:58,945 - DEBUG - GDAL data found in package: path='/Users/red_dragon/Documents/projects/cdse_sinergise_planet/env/lib/python3.13/site-packages/rasterio/gdal_data'.
2026-02-09 17:33:58,945 - DEBUG - PROJ data found in package: path='/Users/red_dragon/Documents/projects/cdse_sinergise_planet/env/lib/python3.13/site-packages/rasterio/proj_data'.
2026-02-09 17:33:58,945 - DEBUG - Started GDALEnv: self=<rasterio._env.GDALEnv object at 0x10fb17a30>.
2026-02-09 17:33:58,945 - DEBUG - Entered env context: <rasterio.env.Env object at 0x10fb40d70>
2026-02-09 17:33:58,945 - DEBUG - Output nodata value read from file: nan
2026-02-09 17:33:58,945 - DEBUG - Output nodata values: [nan]
2026-02-09 17:33:58,945 - DEBUG - all_valid: False
2026-02-09 17:33:58,945 - DEBUG - mask_flags: ([<MaskFlags.nodata: 8>],)
2026-02-09 17:33:58,945 - DEBUG - Jump straight to _read()
2026-02-09 17:33:58,945 - DEBUG - Window: None
2026-02-09 17:33:58,945 - DEBUG - IO window xoff=0.0 yoff=0.0 width=2452.0 height=2112.0
2026-02-09 17:33:58,967 - DEBUG - Exiting env context: <rasterio.env.Env object at 0x10fb40d70>
2026-02-09 17:33:58,967 - DEBUG - Cleared existing <rasterio._env.GDALEnv object at 0x10fb17a30> options
2026-02-09 17:33:58,967 - DEBUG - Stopped GDALEnv <rasterio._env.GDALEnv object at 0x10fb17a30>.
2026-02-09 17:33:58,967 - DEBUG - Exiting outermost env
2026-02-09 17:33:58,967 - DEBUG - Exited env context: <rasterio.env.Env object at 0x10fb40d70>
2026-02-09 17:33:58,996 - DEBUG - Entering env context: <rasterio.env.Env object at 0x10fb40d70>
2026-02-09 17:33:58,996 - DEBUG - Starting outermost env
2026-02-09 17:33:58,996 - DEBUG - No GDAL environment exists
2026-02-09 17:33:58,996 - DEBUG - New GDAL environment <rasterio._env.GDALEnv object at 0x10fb17a30> created
2026-02-09 17:33:58,996 - DEBUG - GDAL data found in package: path='/Users/red_dragon/Documents/projects/cdse_sinergise_planet/env/lib/python3.13/site-packages/rasterio/gdal_data'.
2026-02-09 17:33:58,996 - DEBUG - PROJ data found in package: path='/Users/red_dragon/Documents/projects/cdse_sinergise_planet/env/lib/python3.13/site-packages/rasterio/proj_data'.
2026-02-09 17:33:58,996 - DEBUG - Started GDALEnv: self=<rasterio._env.GDALEnv object at 0x10fb17a30>.
2026-02-09 17:33:58,997 - DEBUG - Entered env context: <rasterio.env.Env object at 0x10fb40d70>
2026-02-09 17:33:59,009 - WARNING - CPLE_IllegalArg in 2025-08-01_10m.tiff: BLOCKXSIZE can only be used with TILED=YES
2026-02-09 17:33:59,010 - DEBUG - Nodata success: 1, Nodata value: nan
2026-02-09 17:33:59,010 - DEBUG - Exiting env context: <rasterio.env.Env object at 0x10fb40d70>
2026-02-09 17:33:59,010 - DEBUG - Cleared existing <rasterio._env.GDALEnv object at 0x10fb17a30> options
2026-02-09 17:33:59,010 - DEBUG - Stopped GDALEnv <rasterio._env.GDALEnv object at 0x10fb17a30>.
2026-02-09 17:33:59,010 - DEBUG - Exiting outermost env
2026-02-09 17:33:59,010 - DEBUG - Exited env context: <rasterio.env.Env object at 0x10fb40d70>
2026-02-09 17:33:59,010 - DEBUG - Entering env context: <rasterio.env.Env object at 0x10fb40d70>
2026-02-09 17:33:59,010 - DEBUG - Starting outermost env
2026-02-09 17:33:59,010 - DEBUG - No GDAL environment exists
2026-02-09 17:33:59,010 - DEBUG - New GDAL environment <rasterio._env.GDALEnv object at 0x10fb17a30> created
2026-02-09 17:33:59,011 - DEBUG - GDAL data found in package: path='/Users/red_dragon/Documents/projects/cdse_sinergise_planet/env/lib/python3.13/site-packages/rasterio/gdal_data'.
2026-02-09 17:33:59,011 - DEBUG - PROJ data found in package: path='/Users/red_dragon/Documents/projects/cdse_sinergise_planet/env/lib/python3.13/site-packages/rasterio/proj_data'.
2026-02-09 17:33:59,011 - DEBUG - Started GDALEnv: self=<rasterio._env.GDALEnv object at 0x10fb17a30>.
2026-02-09 17:33:59,011 - DEBUG - Entered env context: <rasterio.env.Env object at 0x10fb40d70>
2026-02-09 17:33:59,058 - DEBUG - Exiting env context: <rasterio.env.Env object at 0x10fb40d70>
2026-02-09 17:33:59,058 - DEBUG - Cleared existing <rasterio._env.GDALEnv object at 0x10fb17a30> options
2026-02-09 17:33:59,058 - DEBUG - Stopped GDALEnv <rasterio._env.GDALEnv object at 0x10fb17a30>.
2026-02-09 17:33:59,058 - DEBUG - Exiting outermost env
2026-02-09 17:33:59,058 - DEBUG - Exited env context: <rasterio.env.Env object at 0x10fb40d70>
2026-02-09 17:33:59,066 - DEBUG - Entering env context: <rasterio.env.Env object at 0x10fb40d70>
2026-02-09 17:33:59,067 - DEBUG - Starting outermost env
2026-02-09 17:33:59,067 - DEBUG - No GDAL environment exists
2026-02-09 17:33:59,067 - DEBUG - New GDAL environment <rasterio._env.GDALEnv object at 0x10fb17a30> created
2026-02-09 17:33:59,067 - DEBUG - GDAL data found in package: path='/Users/red_dragon/Documents/projects/cdse_sinergise_planet/env/lib/python3.13/site-packages/rasterio/gdal_data'.
2026-02-09 17:33:59,067 - DEBUG - PROJ data found in package: path='/Users/red_dragon/Documents/projects/cdse_sinergise_planet/env/lib/python3.13/site-packages/rasterio/proj_data'.
2026-02-09 17:33:59,067 - DEBUG - Started GDALEnv: self=<rasterio._env.GDALEnv object at 0x10fb17a30>.
2026-02-09 17:33:59,067 - DEBUG - Entered env context: <rasterio.env.Env object at 0x10fb40d70>
2026-02-09 17:33:59,079 - WARNING - CPLE_IllegalArg in 2025-08-11_10m.tiff: BLOCKXSIZE can only be used with TILED=YES
2026-02-09 17:33:59,079 - DEBUG - Nodata success: 1, Nodata value: nan
2026-02-09 17:33:59,079 - DEBUG - Exiting env context: <rasterio.env.Env object at 0x10fb40d70>
2026-02-09 17:33:59,079 - DEBUG - Cleared existing <rasterio._env.GDALEnv object at 0x10fb17a30> options
2026-02-09 17:33:59,079 - DEBUG - Stopped GDALEnv <rasterio._env.GDALEnv object at 0x10fb17a30>.
2026-02-09 17:33:59,079 - DEBUG - Exiting outermost env
2026-02-09 17:33:59,079 - DEBUG - Exited env context: <rasterio.env.Env object at 0x10fb40d70>
2026-02-09 17:33:59,079 - DEBUG - Entering env context: <rasterio.env.Env object at 0x10fb40d70>
2026-02-09 17:33:59,079 - DEBUG - Starting outermost env
2026-02-09 17:33:59,079 - DEBUG - No GDAL environment exists
2026-02-09 17:33:59,079 - DEBUG - New GDAL environment <rasterio._env.GDALEnv object at 0x10fb17a30> created
2026-02-09 17:33:59,079 - DEBUG - GDAL data found in package: path='/Users/red_dragon/Documents/projects/cdse_sinergise_planet/env/lib/python3.13/site-packages/rasterio/gdal_data'.
2026-02-09 17:33:59,080 - DEBUG - PROJ data found in package: path='/Users/red_dragon/Documents/projects/cdse_sinergise_planet/env/lib/python3.13/site-packages/rasterio/proj_data'.
2026-02-09 17:33:59,080 - DEBUG - Started GDALEnv: self=<rasterio._env.GDALEnv object at 0x10fb17a30>.
2026-02-09 17:33:59,080 - DEBUG - Entered env context: <rasterio.env.Env object at 0x10fb40d70>
2026-02-09 17:33:59,119 - DEBUG - Exiting env context: <rasterio.env.Env object at 0x10fb40d70>
2026-02-09 17:33:59,119 - DEBUG - Cleared existing <rasterio._env.GDALEnv object at 0x10fb17a30> options
2026-02-09 17:33:59,119 - DEBUG - Stopped GDALEnv <rasterio._env.GDALEnv object at 0x10fb17a30>.
2026-02-09 17:33:59,119 - DEBUG - Exiting outermost env
2026-02-09 17:33:59,119 - DEBUG - Exited env context: <rasterio.env.Env object at 0x10fb40d70>
2026-02-09 17:33:59,128 - DEBUG - Entering env context: <rasterio.env.Env object at 0x10fb40d70>
2026-02-09 17:33:59,128 - DEBUG - Starting outermost env
2026-02-09 17:33:59,128 - DEBUG - No GDAL environment exists
2026-02-09 17:33:59,128 - DEBUG - New GDAL environment <rasterio._env.GDALEnv object at 0x10fb17a30> created
2026-02-09 17:33:59,128 - DEBUG - GDAL data found in package: path='/Users/red_dragon/Documents/projects/cdse_sinergise_planet/env/lib/python3.13/site-packages/rasterio/gdal_data'.
2026-02-09 17:33:59,128 - DEBUG - PROJ data found in package: path='/Users/red_dragon/Documents/projects/cdse_sinergise_planet/env/lib/python3.13/site-packages/rasterio/proj_data'.
2026-02-09 17:33:59,128 - DEBUG - Started GDALEnv: self=<rasterio._env.GDALEnv object at 0x10fb17a30>.
2026-02-09 17:33:59,128 - DEBUG - Entered env context: <rasterio.env.Env object at 0x10fb40d70>
2026-02-09 17:33:59,141 - WARNING - CPLE_IllegalArg in 2025-08-21_10m.tiff: BLOCKXSIZE can only be used with TILED=YES
2026-02-09 17:33:59,142 - DEBUG - Nodata success: 1, Nodata value: nan
2026-02-09 17:33:59,142 - DEBUG - Exiting env context: <rasterio.env.Env object at 0x10fb40d70>
2026-02-09 17:33:59,142 - DEBUG - Cleared existing <rasterio._env.GDALEnv object at 0x10fb17a30> options
2026-02-09 17:33:59,142 - DEBUG - Stopped GDALEnv <rasterio._env.GDALEnv object at 0x10fb17a30>.
2026-02-09 17:33:59,142 - DEBUG - Exiting outermost env
2026-02-09 17:33:59,143 - DEBUG - Exited env context: <rasterio.env.Env object at 0x10fb40d70>
2026-02-09 17:33:59,143 - DEBUG - Entering env context: <rasterio.env.Env object at 0x10fb40d70>
2026-02-09 17:33:59,143 - DEBUG - Starting outermost env
2026-02-09 17:33:59,143 - DEBUG - No GDAL environment exists
2026-02-09 17:33:59,143 - DEBUG - New GDAL environment <rasterio._env.GDALEnv object at 0x10fb17a30> created
2026-02-09 17:33:59,143 - DEBUG - GDAL data found in package: path='/Users/red_dragon/Documents/projects/cdse_sinergise_planet/env/lib/python3.13/site-packages/rasterio/gdal_data'.
2026-02-09 17:33:59,143 - DEBUG - PROJ data found in package: path='/Users/red_dragon/Documents/projects/cdse_sinergise_planet/env/lib/python3.13/site-packages/rasterio/proj_data'.
2026-02-09 17:33:59,143 - DEBUG - Started GDALEnv: self=<rasterio._env.GDALEnv object at 0x10fb17a30>.
2026-02-09 17:33:59,143 - DEBUG - Entered env context: <rasterio.env.Env object at 0x10fb40d70>
2026-02-09 17:33:59,191 - DEBUG - Exiting env context: <rasterio.env.Env object at 0x10fb40d70>
2026-02-09 17:33:59,191 - DEBUG - Cleared existing <rasterio._env.GDALEnv object at 0x10fb17a30> options
2026-02-09 17:33:59,191 - DEBUG - Stopped GDALEnv <rasterio._env.GDALEnv object at 0x10fb17a30>.
2026-02-09 17:33:59,191 - DEBUG - Exiting outermost env
2026-02-09 17:33:59,191 - DEBUG - Exited env context: <rasterio.env.Env object at 0x10fb40d70>
2026-02-09 17:33:59,191 - DEBUG - ⏱️
2026-02-09 17:33:59,191 - DEBUG - ['2025-08-01_10m.tiff', '2025-08-11_10m.tiff', '2025-08-21_10m.tiff']
2026-02-09 17:33:59,191 - DEBUG - 2025-08-01
2026-02-09 17:33:59,191 - DEBUG - ['2025-08-01_10m.tiff']
2026-02-09 17:33:59,191 - DEBUG - ['graz_4_supplemental_2025-08-01.tiff']
2026-02-09 17:33:59,191 - DEBUG - Entering env context: <rasterio.env.Env object at 0x10fb40d70>
2026-02-09 17:33:59,191 - DEBUG - Starting outermost env
2026-02-09 17:33:59,191 - DEBUG - No GDAL environment exists
2026-02-09 17:33:59,191 - DEBUG - New GDAL environment <rasterio._env.GDALEnv object at 0x10fb17a30> created
2026-02-09 17:33:59,191 - DEBUG - GDAL data found in package: path='/Users/red_dragon/Documents/projects/cdse_sinergise_planet/env/lib/python3.13/site-packages/rasterio/gdal_data'.
2026-02-09 17:33:59,191 - DEBUG - PROJ data found in package: path='/Users/red_dragon/Documents/projects/cdse_sinergise_planet/env/lib/python3.13/site-packages/rasterio/proj_data'.
2026-02-09 17:33:59,191 - DEBUG - Started GDALEnv: self=<rasterio._env.GDALEnv object at 0x10fb17a30>.
2026-02-09 17:33:59,191 - DEBUG - Entered env context: <rasterio.env.Env object at 0x10fb40d70>
2026-02-09 17:33:59,192 - DEBUG - Nodata success: 1, Nodata value: nan
2026-02-09 17:33:59,192 - DEBUG - Dataset <open DatasetReader name='2025-08-01_10m.tiff' mode='r'> is started.
2026-02-09 17:33:59,192 - DEBUG - Exiting env context: <rasterio.env.Env object at 0x10fb40d70>
2026-02-09 17:33:59,192 - DEBUG - Cleared existing <rasterio._env.GDALEnv object at 0x10fb17a30> options
2026-02-09 17:33:59,192 - DEBUG - Stopped GDALEnv <rasterio._env.GDALEnv object at 0x10fb17a30>.
2026-02-09 17:33:59,192 - DEBUG - Exiting outermost env
2026-02-09 17:33:59,192 - DEBUG - Exited env context: <rasterio.env.Env object at 0x10fb40d70>
2026-02-09 17:33:59,192 - DEBUG - Entering env context: <rasterio.env.Env object at 0x10fb40d70>
2026-02-09 17:33:59,192 - DEBUG - Starting outermost env
2026-02-09 17:33:59,192 - DEBUG - No GDAL environment exists
2026-02-09 17:33:59,192 - DEBUG - New GDAL environment <rasterio._env.GDALEnv object at 0x10fb17a30> created
2026-02-09 17:33:59,192 - DEBUG - GDAL data found in package: path='/Users/red_dragon/Documents/projects/cdse_sinergise_planet/env/lib/python3.13/site-packages/rasterio/gdal_data'.
2026-02-09 17:33:59,192 - DEBUG - PROJ data found in package: path='/Users/red_dragon/Documents/projects/cdse_sinergise_planet/env/lib/python3.13/site-packages/rasterio/proj_data'.
2026-02-09 17:33:59,192 - DEBUG - Started GDALEnv: self=<rasterio._env.GDALEnv object at 0x10fb17a30>.
2026-02-09 17:33:59,192 - DEBUG - Entered env context: <rasterio.env.Env object at 0x10fb40d70>
2026-02-09 17:33:59,192 - DEBUG - Got a copy of environment <rasterio._env.GDALEnv object at 0x10fb17a30> options
2026-02-09 17:33:59,192 - DEBUG - Entering env context: <rasterio.env.Env object at 0x10fb404b0>
2026-02-09 17:33:59,192 - DEBUG - Got a copy of environment <rasterio._env.GDALEnv object at 0x10fb17a30> options
2026-02-09 17:33:59,192 - DEBUG - Entered env context: <rasterio.env.Env object at 0x10fb404b0>
2026-02-09 17:33:59,193 - DEBUG - Nodata success: 0, Nodata value: 0.000000
2026-02-09 17:33:59,193 - DEBUG - Dataset <open DatasetReader name='graz_4_supplemental_2025-08-01.tiff' mode='r'> is started.
2026-02-09 17:33:59,193 - DEBUG - Exiting env context: <rasterio.env.Env object at 0x10fb404b0>
2026-02-09 17:33:59,193 - DEBUG - Cleared existing <rasterio._env.GDALEnv object at 0x10fb17a30> options
2026-02-09 17:33:59,193 - DEBUG - Stopped GDALEnv <rasterio._env.GDALEnv object at 0x10fb17a30>.
2026-02-09 17:33:59,193 - DEBUG - No GDAL environment exists
2026-02-09 17:33:59,193 - DEBUG - New GDAL environment <rasterio._env.GDALEnv object at 0x10fb17a30> created
2026-02-09 17:33:59,193 - DEBUG - GDAL data found in package: path='/Users/red_dragon/Documents/projects/cdse_sinergise_planet/env/lib/python3.13/site-packages/rasterio/gdal_data'.
2026-02-09 17:33:59,193 - DEBUG - PROJ data found in package: path='/Users/red_dragon/Documents/projects/cdse_sinergise_planet/env/lib/python3.13/site-packages/rasterio/proj_data'.
2026-02-09 17:33:59,193 - DEBUG - Started GDALEnv: self=<rasterio._env.GDALEnv object at 0x10fb17a30>.
2026-02-09 17:33:59,193 - DEBUG - Exited env context: <rasterio.env.Env object at 0x10fb404b0>
2026-02-09 17:33:59,193 - DEBUG - Got a copy of environment <rasterio._env.GDALEnv object at 0x10fb17a30> options
2026-02-09 17:33:59,193 - DEBUG - Entering env context: <rasterio.env.Env object at 0x10fb404b0>
2026-02-09 17:33:59,193 - DEBUG - Got a copy of environment <rasterio._env.GDALEnv object at 0x10fb17a30> options
2026-02-09 17:33:59,193 - DEBUG - Entered env context: <rasterio.env.Env object at 0x10fb404b0>
2026-02-09 17:33:59,194 - DEBUG - Nodata success: 1, Nodata value: nan
2026-02-09 17:33:59,194 - DEBUG - Dataset <open DatasetReader name='2025-08-01_10m.tiff' mode='r'> is started.
2026-02-09 17:33:59,194 - DEBUG - Exiting env context: <rasterio.env.Env object at 0x10fb404b0>
2026-02-09 17:33:59,194 - DEBUG - Cleared existing <rasterio._env.GDALEnv object at 0x10fb17a30> options
2026-02-09 17:33:59,194 - DEBUG - Stopped GDALEnv <rasterio._env.GDALEnv object at 0x10fb17a30>.
2026-02-09 17:33:59,194 - DEBUG - No GDAL environment exists
2026-02-09 17:33:59,194 - DEBUG - New GDAL environment <rasterio._env.GDALEnv object at 0x10fb17a30> created
2026-02-09 17:33:59,194 - DEBUG - GDAL data found in package: path='/Users/red_dragon/Documents/projects/cdse_sinergise_planet/env/lib/python3.13/site-packages/rasterio/gdal_data'.
2026-02-09 17:33:59,194 - DEBUG - PROJ data found in package: path='/Users/red_dragon/Documents/projects/cdse_sinergise_planet/env/lib/python3.13/site-packages/rasterio/proj_data'.
2026-02-09 17:33:59,194 - DEBUG - Started GDALEnv: self=<rasterio._env.GDALEnv object at 0x10fb17a30>.
2026-02-09 17:33:59,194 - DEBUG - Exited env context: <rasterio.env.Env object at 0x10fb404b0>
2026-02-09 17:33:59,194 - DEBUG - Got a copy of environment <rasterio._env.GDALEnv object at 0x10fb17a30> options
2026-02-09 17:33:59,194 - DEBUG - Entering env context: <rasterio.env.Env object at 0x10fb404b0>
2026-02-09 17:33:59,194 - DEBUG - Got a copy of environment <rasterio._env.GDALEnv object at 0x10fb17a30> options
2026-02-09 17:33:59,194 - DEBUG - Entered env context: <rasterio.env.Env object at 0x10fb404b0>
2026-02-09 17:33:59,195 - DEBUG - Nodata success: 0, Nodata value: 0.000000
2026-02-09 17:33:59,195 - DEBUG - Dataset <open DatasetReader name='graz_4_supplemental_2025-08-01.tiff' mode='r'> is started.
2026-02-09 17:33:59,195 - DEBUG - Exiting env context: <rasterio.env.Env object at 0x10fb404b0>
2026-02-09 17:33:59,195 - DEBUG - Cleared existing <rasterio._env.GDALEnv object at 0x10fb17a30> options
2026-02-09 17:33:59,195 - DEBUG - Stopped GDALEnv <rasterio._env.GDALEnv object at 0x10fb17a30>.
2026-02-09 17:33:59,195 - DEBUG - No GDAL environment exists
2026-02-09 17:33:59,195 - DEBUG - New GDAL environment <rasterio._env.GDALEnv object at 0x10fb17a30> created
2026-02-09 17:33:59,195 - DEBUG - GDAL data found in package: path='/Users/red_dragon/Documents/projects/cdse_sinergise_planet/env/lib/python3.13/site-packages/rasterio/gdal_data'.
2026-02-09 17:33:59,195 - DEBUG - PROJ data found in package: path='/Users/red_dragon/Documents/projects/cdse_sinergise_planet/env/lib/python3.13/site-packages/rasterio/proj_data'.
2026-02-09 17:33:59,195 - DEBUG - Started GDALEnv: self=<rasterio._env.GDALEnv object at 0x10fb17a30>.
2026-02-09 17:33:59,195 - DEBUG - Exited env context: <rasterio.env.Env object at 0x10fb404b0>
2026-02-09 17:33:59,195 - DEBUG - Exiting env context: <rasterio.env.Env object at 0x10fb40d70>
2026-02-09 17:33:59,195 - DEBUG - Cleared existing <rasterio._env.GDALEnv object at 0x10fb17a30> options
2026-02-09 17:33:59,195 - DEBUG - Stopped GDALEnv <rasterio._env.GDALEnv object at 0x10fb17a30>.
2026-02-09 17:33:59,195 - DEBUG - Exiting outermost env
2026-02-09 17:33:59,195 - DEBUG - Exited env context: <rasterio.env.Env object at 0x10fb40d70>
2026-02-09 17:33:59,195 - DEBUG - Entering env context: <rasterio.env.Env object at 0x10fb40d70>
2026-02-09 17:33:59,195 - DEBUG - Starting outermost env
2026-02-09 17:33:59,195 - DEBUG - No GDAL environment exists
2026-02-09 17:33:59,195 - DEBUG - New GDAL environment <rasterio._env.GDALEnv object at 0x10fb17a30> created
2026-02-09 17:33:59,196 - DEBUG - GDAL data found in package: path='/Users/red_dragon/Documents/projects/cdse_sinergise_planet/env/lib/python3.13/site-packages/rasterio/gdal_data'.
2026-02-09 17:33:59,196 - DEBUG - PROJ data found in package: path='/Users/red_dragon/Documents/projects/cdse_sinergise_planet/env/lib/python3.13/site-packages/rasterio/proj_data'.
2026-02-09 17:33:59,196 - DEBUG - Started GDALEnv: self=<rasterio._env.GDALEnv object at 0x10fb17a30>.
2026-02-09 17:33:59,196 - DEBUG - Entered env context: <rasterio.env.Env object at 0x10fb40d70>
2026-02-09 17:33:59,196 - DEBUG - Nodata success: 1, Nodata value: nan
2026-02-09 17:33:59,196 - DEBUG - Dataset <open DatasetReader name='2025-08-01_10m.tiff' mode='r'> is started.
2026-02-09 17:33:59,196 - DEBUG - Exiting env context: <rasterio.env.Env object at 0x10fb40d70>
2026-02-09 17:33:59,196 - DEBUG - Cleared existing <rasterio._env.GDALEnv object at 0x10fb17a30> options
2026-02-09 17:33:59,196 - DEBUG - Stopped GDALEnv <rasterio._env.GDALEnv object at 0x10fb17a30>.
2026-02-09 17:33:59,196 - DEBUG - Exiting outermost env
2026-02-09 17:33:59,196 - DEBUG - Exited env context: <rasterio.env.Env object at 0x10fb40d70>
2026-02-09 17:33:59,196 - DEBUG - Entering env context: <rasterio.env.Env object at 0x10fb40d70>
2026-02-09 17:33:59,196 - DEBUG - Starting outermost env
2026-02-09 17:33:59,196 - DEBUG - No GDAL environment exists
2026-02-09 17:33:59,196 - DEBUG - New GDAL environment <rasterio._env.GDALEnv object at 0x10fb17a30> created
2026-02-09 17:33:59,197 - DEBUG - GDAL data found in package: path='/Users/red_dragon/Documents/projects/cdse_sinergise_planet/env/lib/python3.13/site-packages/rasterio/gdal_data'.
2026-02-09 17:33:59,197 - DEBUG - PROJ data found in package: path='/Users/red_dragon/Documents/projects/cdse_sinergise_planet/env/lib/python3.13/site-packages/rasterio/proj_data'.
2026-02-09 17:33:59,197 - DEBUG - Started GDALEnv: self=<rasterio._env.GDALEnv object at 0x10fb17a30>.
2026-02-09 17:33:59,197 - DEBUG - Entered env context: <rasterio.env.Env object at 0x10fb40d70>
2026-02-09 17:33:59,197 - DEBUG - Output nodata value read from file: nan
2026-02-09 17:33:59,197 - DEBUG - Output nodata values: [nan]
2026-02-09 17:33:59,197 - DEBUG - all_valid: False
2026-02-09 17:33:59,197 - DEBUG - mask_flags: ([<MaskFlags.nodata: 8>],)
2026-02-09 17:33:59,197 - DEBUG - Jump straight to _read()
2026-02-09 17:33:59,197 - DEBUG - Window: None
2026-02-09 17:33:59,197 - DEBUG - IO window xoff=0.0 yoff=0.0 width=2452.0 height=2112.0
2026-02-09 17:33:59,205 - DEBUG - Exiting env context: <rasterio.env.Env object at 0x10fb40d70>
2026-02-09 17:33:59,205 - DEBUG - Cleared existing <rasterio._env.GDALEnv object at 0x10fb17a30> options
2026-02-09 17:33:59,205 - DEBUG - Stopped GDALEnv <rasterio._env.GDALEnv object at 0x10fb17a30>.
2026-02-09 17:33:59,205 - DEBUG - Exiting outermost env
2026-02-09 17:33:59,205 - DEBUG - Exited env context: <rasterio.env.Env object at 0x10fb40d70>
2026-02-09 17:33:59,205 - DEBUG - Entering env context: <rasterio.env.Env object at 0x10fb40d70>
2026-02-09 17:33:59,205 - DEBUG - Starting outermost env
2026-02-09 17:33:59,205 - DEBUG - No GDAL environment exists
2026-02-09 17:33:59,205 - DEBUG - New GDAL environment <rasterio._env.GDALEnv object at 0x10fb17a30> created
2026-02-09 17:33:59,205 - DEBUG - GDAL data found in package: path='/Users/red_dragon/Documents/projects/cdse_sinergise_planet/env/lib/python3.13/site-packages/rasterio/gdal_data'.
2026-02-09 17:33:59,205 - DEBUG - PROJ data found in package: path='/Users/red_dragon/Documents/projects/cdse_sinergise_planet/env/lib/python3.13/site-packages/rasterio/proj_data'.
2026-02-09 17:33:59,205 - DEBUG - Started GDALEnv: self=<rasterio._env.GDALEnv object at 0x10fb17a30>.
2026-02-09 17:33:59,205 - DEBUG - Entered env context: <rasterio.env.Env object at 0x10fb40d70>
2026-02-09 17:33:59,206 - DEBUG - Nodata success: 0, Nodata value: 0.000000
2026-02-09 17:33:59,206 - DEBUG - Dataset <open DatasetReader name='graz_4_supplemental_2025-08-01.tiff' mode='r'> is started.
2026-02-09 17:33:59,206 - DEBUG - Exiting env context: <rasterio.env.Env object at 0x10fb40d70>
2026-02-09 17:33:59,206 - DEBUG - Cleared existing <rasterio._env.GDALEnv object at 0x10fb17a30> options
2026-02-09 17:33:59,206 - DEBUG - Stopped GDALEnv <rasterio._env.GDALEnv object at 0x10fb17a30>.
2026-02-09 17:33:59,206 - DEBUG - Exiting outermost env
2026-02-09 17:33:59,206 - DEBUG - Exited env context: <rasterio.env.Env object at 0x10fb40d70>
2026-02-09 17:33:59,206 - DEBUG - Entering env context: <rasterio.env.Env object at 0x10fb40d70>
2026-02-09 17:33:59,206 - DEBUG - Starting outermost env
2026-02-09 17:33:59,206 - DEBUG - No GDAL environment exists
2026-02-09 17:33:59,206 - DEBUG - New GDAL environment <rasterio._env.GDALEnv object at 0x10fb17a30> created
2026-02-09 17:33:59,206 - DEBUG - GDAL data found in package: path='/Users/red_dragon/Documents/projects/cdse_sinergise_planet/env/lib/python3.13/site-packages/rasterio/gdal_data'.
2026-02-09 17:33:59,206 - DEBUG - PROJ data found in package: path='/Users/red_dragon/Documents/projects/cdse_sinergise_planet/env/lib/python3.13/site-packages/rasterio/proj_data'.
2026-02-09 17:33:59,206 - DEBUG - Started GDALEnv: self=<rasterio._env.GDALEnv object at 0x10fb17a30>.
2026-02-09 17:33:59,206 - DEBUG - Entered env context: <rasterio.env.Env object at 0x10fb40d70>
2026-02-09 17:33:59,206 - DEBUG - Output nodata value read from file: None
2026-02-09 17:33:59,206 - DEBUG - Output nodata values: [None]
2026-02-09 17:33:59,206 - DEBUG - all_valid: True
2026-02-09 17:33:59,206 - DEBUG - mask_flags: ([<MaskFlags.all_valid: 1>],)
2026-02-09 17:33:59,206 - DEBUG - Jump straight to _read()
2026-02-09 17:33:59,206 - DEBUG - Window: None
2026-02-09 17:33:59,206 - DEBUG - IO window xoff=0.0 yoff=0.0 width=2452.0 height=2112.0
2026-02-09 17:33:59,226 - DEBUG - Exiting env context: <rasterio.env.Env object at 0x10fb40d70>
2026-02-09 17:33:59,226 - DEBUG - Cleared existing <rasterio._env.GDALEnv object at 0x10fb17a30> options
2026-02-09 17:33:59,226 - DEBUG - Stopped GDALEnv <rasterio._env.GDALEnv object at 0x10fb17a30>.
2026-02-09 17:33:59,226 - DEBUG - Exiting outermost env
2026-02-09 17:33:59,226 - DEBUG - Exited env context: <rasterio.env.Env object at 0x10fb40d70>
2026-02-09 17:33:59,231 - DEBUG - Entering env context: <rasterio.env.Env object at 0x10fb40d70>
2026-02-09 17:33:59,232 - DEBUG - Starting outermost env
2026-02-09 17:33:59,232 - DEBUG - No GDAL environment exists
2026-02-09 17:33:59,232 - DEBUG - New GDAL environment <rasterio._env.GDALEnv object at 0x10fb17a30> created
2026-02-09 17:33:59,232 - DEBUG - GDAL data found in package: path='/Users/red_dragon/Documents/projects/cdse_sinergise_planet/env/lib/python3.13/site-packages/rasterio/gdal_data'.
2026-02-09 17:33:59,232 - DEBUG - PROJ data found in package: path='/Users/red_dragon/Documents/projects/cdse_sinergise_planet/env/lib/python3.13/site-packages/rasterio/proj_data'.
2026-02-09 17:33:59,232 - DEBUG - Started GDALEnv: self=<rasterio._env.GDALEnv object at 0x10fb17a30>.
2026-02-09 17:33:59,232 - DEBUG - Entered env context: <rasterio.env.Env object at 0x10fb40d70>
2026-02-09 17:33:59,242 - WARNING - CPLE_IllegalArg in 2025-08-01_10m_filled.tiff: BLOCKXSIZE can only be used with TILED=YES
2026-02-09 17:33:59,242 - DEBUG - Nodata success: 1, Nodata value: nan
2026-02-09 17:33:59,242 - DEBUG - Exiting env context: <rasterio.env.Env object at 0x10fb40d70>
2026-02-09 17:33:59,242 - DEBUG - Cleared existing <rasterio._env.GDALEnv object at 0x10fb17a30> options
2026-02-09 17:33:59,242 - DEBUG - Stopped GDALEnv <rasterio._env.GDALEnv object at 0x10fb17a30>.
2026-02-09 17:33:59,242 - DEBUG - Exiting outermost env
2026-02-09 17:33:59,242 - DEBUG - Exited env context: <rasterio.env.Env object at 0x10fb40d70>
2026-02-09 17:33:59,242 - DEBUG - Entering env context: <rasterio.env.Env object at 0x10fb40d70>
2026-02-09 17:33:59,242 - DEBUG - Starting outermost env
2026-02-09 17:33:59,243 - DEBUG - No GDAL environment exists
2026-02-09 17:33:59,243 - DEBUG - New GDAL environment <rasterio._env.GDALEnv object at 0x10fb17a30> created
2026-02-09 17:33:59,243 - DEBUG - GDAL data found in package: path='/Users/red_dragon/Documents/projects/cdse_sinergise_planet/env/lib/python3.13/site-packages/rasterio/gdal_data'.
2026-02-09 17:33:59,243 - DEBUG - PROJ data found in package: path='/Users/red_dragon/Documents/projects/cdse_sinergise_planet/env/lib/python3.13/site-packages/rasterio/proj_data'.
2026-02-09 17:33:59,243 - DEBUG - Started GDALEnv: self=<rasterio._env.GDALEnv object at 0x10fb17a30>.
2026-02-09 17:33:59,243 - DEBUG - Entered env context: <rasterio.env.Env object at 0x10fb40d70>
2026-02-09 17:33:59,280 - DEBUG - Exiting env context: <rasterio.env.Env object at 0x10fb40d70>
2026-02-09 17:33:59,280 - DEBUG - Cleared existing <rasterio._env.GDALEnv object at 0x10fb17a30> options
2026-02-09 17:33:59,281 - DEBUG - Stopped GDALEnv <rasterio._env.GDALEnv object at 0x10fb17a30>.
2026-02-09 17:33:59,281 - DEBUG - Exiting outermost env
2026-02-09 17:33:59,281 - DEBUG - Exited env context: <rasterio.env.Env object at 0x10fb40d70>
2026-02-09 17:33:59,281 - DEBUG - 2025-08-11
2026-02-09 17:33:59,281 - DEBUG - ['2025-08-11_10m.tiff']
2026-02-09 17:33:59,281 - DEBUG - ['graz_4_supplemental_2025-08-11.tiff']
2026-02-09 17:33:59,281 - DEBUG - Entering env context: <rasterio.env.Env object at 0x10fb40d70>
2026-02-09 17:33:59,281 - DEBUG - Starting outermost env
2026-02-09 17:33:59,281 - DEBUG - No GDAL environment exists
2026-02-09 17:33:59,281 - DEBUG - New GDAL environment <rasterio._env.GDALEnv object at 0x10fb17a30> created
2026-02-09 17:33:59,281 - DEBUG - GDAL data found in package: path='/Users/red_dragon/Documents/projects/cdse_sinergise_planet/env/lib/python3.13/site-packages/rasterio/gdal_data'.
2026-02-09 17:33:59,281 - DEBUG - PROJ data found in package: path='/Users/red_dragon/Documents/projects/cdse_sinergise_planet/env/lib/python3.13/site-packages/rasterio/proj_data'.
2026-02-09 17:33:59,281 - DEBUG - Started GDALEnv: self=<rasterio._env.GDALEnv object at 0x10fb17a30>.
2026-02-09 17:33:59,281 - DEBUG - Entered env context: <rasterio.env.Env object at 0x10fb40d70>
2026-02-09 17:33:59,282 - DEBUG - Nodata success: 1, Nodata value: nan
2026-02-09 17:33:59,282 - DEBUG - Dataset <open DatasetReader name='2025-08-11_10m.tiff' mode='r'> is started.
2026-02-09 17:33:59,282 - DEBUG - Exiting env context: <rasterio.env.Env object at 0x10fb40d70>
2026-02-09 17:33:59,282 - DEBUG - Cleared existing <rasterio._env.GDALEnv object at 0x10fb17a30> options
2026-02-09 17:33:59,282 - DEBUG - Stopped GDALEnv <rasterio._env.GDALEnv object at 0x10fb17a30>.
2026-02-09 17:33:59,282 - DEBUG - Exiting outermost env
2026-02-09 17:33:59,282 - DEBUG - Exited env context: <rasterio.env.Env object at 0x10fb40d70>
2026-02-09 17:33:59,282 - DEBUG - Entering env context: <rasterio.env.Env object at 0x10fb40d70>
2026-02-09 17:33:59,282 - DEBUG - Starting outermost env
2026-02-09 17:33:59,282 - DEBUG - No GDAL environment exists
2026-02-09 17:33:59,282 - DEBUG - New GDAL environment <rasterio._env.GDALEnv object at 0x10fb17a30> created
2026-02-09 17:33:59,283 - DEBUG - GDAL data found in package: path='/Users/red_dragon/Documents/projects/cdse_sinergise_planet/env/lib/python3.13/site-packages/rasterio/gdal_data'.
2026-02-09 17:33:59,283 - DEBUG - PROJ data found in package: path='/Users/red_dragon/Documents/projects/cdse_sinergise_planet/env/lib/python3.13/site-packages/rasterio/proj_data'.
2026-02-09 17:33:59,283 - DEBUG - Started GDALEnv: self=<rasterio._env.GDALEnv object at 0x10fb17a30>.
2026-02-09 17:33:59,283 - DEBUG - Entered env context: <rasterio.env.Env object at 0x10fb40d70>
2026-02-09 17:33:59,283 - DEBUG - Got a copy of environment <rasterio._env.GDALEnv object at 0x10fb17a30> options
2026-02-09 17:33:59,283 - DEBUG - Entering env context: <rasterio.env.Env object at 0x10fb40590>
2026-02-09 17:33:59,283 - DEBUG - Got a copy of environment <rasterio._env.GDALEnv object at 0x10fb17a30> options
2026-02-09 17:33:59,283 - DEBUG - Entered env context: <rasterio.env.Env object at 0x10fb40590>
2026-02-09 17:33:59,283 - DEBUG - Nodata success: 0, Nodata value: 0.000000
2026-02-09 17:33:59,283 - DEBUG - Dataset <open DatasetReader name='graz_4_supplemental_2025-08-11.tiff' mode='r'> is started.
2026-02-09 17:33:59,283 - DEBUG - Exiting env context: <rasterio.env.Env object at 0x10fb40590>
2026-02-09 17:33:59,284 - DEBUG - Cleared existing <rasterio._env.GDALEnv object at 0x10fb17a30> options
2026-02-09 17:33:59,284 - DEBUG - Stopped GDALEnv <rasterio._env.GDALEnv object at 0x10fb17a30>.
2026-02-09 17:33:59,284 - DEBUG - No GDAL environment exists
2026-02-09 17:33:59,284 - DEBUG - New GDAL environment <rasterio._env.GDALEnv object at 0x10fb17a30> created
2026-02-09 17:33:59,284 - DEBUG - GDAL data found in package: path='/Users/red_dragon/Documents/projects/cdse_sinergise_planet/env/lib/python3.13/site-packages/rasterio/gdal_data'.
2026-02-09 17:33:59,284 - DEBUG - PROJ data found in package: path='/Users/red_dragon/Documents/projects/cdse_sinergise_planet/env/lib/python3.13/site-packages/rasterio/proj_data'.
2026-02-09 17:33:59,284 - DEBUG - Started GDALEnv: self=<rasterio._env.GDALEnv object at 0x10fb17a30>.
2026-02-09 17:33:59,284 - DEBUG - Exited env context: <rasterio.env.Env object at 0x10fb40590>
2026-02-09 17:33:59,284 - DEBUG - Got a copy of environment <rasterio._env.GDALEnv object at 0x10fb17a30> options
2026-02-09 17:33:59,284 - DEBUG - Entering env context: <rasterio.env.Env object at 0x10fb40590>
2026-02-09 17:33:59,284 - DEBUG - Got a copy of environment <rasterio._env.GDALEnv object at 0x10fb17a30> options
2026-02-09 17:33:59,284 - DEBUG - Entered env context: <rasterio.env.Env object at 0x10fb40590>
2026-02-09 17:33:59,285 - DEBUG - Nodata success: 1, Nodata value: nan
2026-02-09 17:33:59,285 - DEBUG - Dataset <open DatasetReader name='2025-08-11_10m.tiff' mode='r'> is started.
2026-02-09 17:33:59,285 - DEBUG - Exiting env context: <rasterio.env.Env object at 0x10fb40590>
2026-02-09 17:33:59,285 - DEBUG - Cleared existing <rasterio._env.GDALEnv object at 0x10fb17a30> options
2026-02-09 17:33:59,285 - DEBUG - Stopped GDALEnv <rasterio._env.GDALEnv object at 0x10fb17a30>.
2026-02-09 17:33:59,285 - DEBUG - No GDAL environment exists
2026-02-09 17:33:59,285 - DEBUG - New GDAL environment <rasterio._env.GDALEnv object at 0x10fb17a30> created
2026-02-09 17:33:59,285 - DEBUG - GDAL data found in package: path='/Users/red_dragon/Documents/projects/cdse_sinergise_planet/env/lib/python3.13/site-packages/rasterio/gdal_data'.
2026-02-09 17:33:59,285 - DEBUG - PROJ data found in package: path='/Users/red_dragon/Documents/projects/cdse_sinergise_planet/env/lib/python3.13/site-packages/rasterio/proj_data'.
2026-02-09 17:33:59,285 - DEBUG - Started GDALEnv: self=<rasterio._env.GDALEnv object at 0x10fb17a30>.
2026-02-09 17:33:59,285 - DEBUG - Exited env context: <rasterio.env.Env object at 0x10fb40590>
2026-02-09 17:33:59,285 - DEBUG - Got a copy of environment <rasterio._env.GDALEnv object at 0x10fb17a30> options
2026-02-09 17:33:59,285 - DEBUG - Entering env context: <rasterio.env.Env object at 0x10fb40590>
2026-02-09 17:33:59,285 - DEBUG - Got a copy of environment <rasterio._env.GDALEnv object at 0x10fb17a30> options
2026-02-09 17:33:59,285 - DEBUG - Entered env context: <rasterio.env.Env object at 0x10fb40590>
2026-02-09 17:33:59,286 - DEBUG - Nodata success: 0, Nodata value: 0.000000
2026-02-09 17:33:59,286 - DEBUG - Dataset <open DatasetReader name='graz_4_supplemental_2025-08-11.tiff' mode='r'> is started.
2026-02-09 17:33:59,286 - DEBUG - Exiting env context: <rasterio.env.Env object at 0x10fb40590>
2026-02-09 17:33:59,286 - DEBUG - Cleared existing <rasterio._env.GDALEnv object at 0x10fb17a30> options
2026-02-09 17:33:59,286 - DEBUG - Stopped GDALEnv <rasterio._env.GDALEnv object at 0x10fb17a30>.
2026-02-09 17:33:59,286 - DEBUG - No GDAL environment exists
2026-02-09 17:33:59,286 - DEBUG - New GDAL environment <rasterio._env.GDALEnv object at 0x10fb17a30> created
2026-02-09 17:33:59,286 - DEBUG - GDAL data found in package: path='/Users/red_dragon/Documents/projects/cdse_sinergise_planet/env/lib/python3.13/site-packages/rasterio/gdal_data'.
2026-02-09 17:33:59,286 - DEBUG - PROJ data found in package: path='/Users/red_dragon/Documents/projects/cdse_sinergise_planet/env/lib/python3.13/site-packages/rasterio/proj_data'.
2026-02-09 17:33:59,287 - DEBUG - Started GDALEnv: self=<rasterio._env.GDALEnv object at 0x10fb17a30>.
2026-02-09 17:33:59,287 - DEBUG - Exited env context: <rasterio.env.Env object at 0x10fb40590>
2026-02-09 17:33:59,287 - DEBUG - Exiting env context: <rasterio.env.Env object at 0x10fb40d70>
2026-02-09 17:33:59,287 - DEBUG - Cleared existing <rasterio._env.GDALEnv object at 0x10fb17a30> options
2026-02-09 17:33:59,287 - DEBUG - Stopped GDALEnv <rasterio._env.GDALEnv object at 0x10fb17a30>.
2026-02-09 17:33:59,287 - DEBUG - Exiting outermost env
2026-02-09 17:33:59,287 - DEBUG - Exited env context: <rasterio.env.Env object at 0x10fb40d70>
2026-02-09 17:33:59,287 - DEBUG - Entering env context: <rasterio.env.Env object at 0x10fb40d70>
2026-02-09 17:33:59,287 - DEBUG - Starting outermost env
2026-02-09 17:33:59,287 - DEBUG - No GDAL environment exists
2026-02-09 17:33:59,287 - DEBUG - New GDAL environment <rasterio._env.GDALEnv object at 0x10fb17a30> created
2026-02-09 17:33:59,287 - DEBUG - GDAL data found in package: path='/Users/red_dragon/Documents/projects/cdse_sinergise_planet/env/lib/python3.13/site-packages/rasterio/gdal_data'.
2026-02-09 17:33:59,288 - DEBUG - PROJ data found in package: path='/Users/red_dragon/Documents/projects/cdse_sinergise_planet/env/lib/python3.13/site-packages/rasterio/proj_data'.
2026-02-09 17:33:59,288 - DEBUG - Started GDALEnv: self=<rasterio._env.GDALEnv object at 0x10fb17a30>.
2026-02-09 17:33:59,288 - DEBUG - Entered env context: <rasterio.env.Env object at 0x10fb40d70>
2026-02-09 17:33:59,289 - DEBUG - Nodata success: 1, Nodata value: nan
2026-02-09 17:33:59,289 - DEBUG - Dataset <open DatasetReader name='2025-08-11_10m.tiff' mode='r'> is started.
2026-02-09 17:33:59,289 - DEBUG - Exiting env context: <rasterio.env.Env object at 0x10fb40d70>
2026-02-09 17:33:59,289 - DEBUG - Cleared existing <rasterio._env.GDALEnv object at 0x10fb17a30> options
2026-02-09 17:33:59,289 - DEBUG - Stopped GDALEnv <rasterio._env.GDALEnv object at 0x10fb17a30>.
2026-02-09 17:33:59,289 - DEBUG - Exiting outermost env
2026-02-09 17:33:59,289 - DEBUG - Exited env context: <rasterio.env.Env object at 0x10fb40d70>
2026-02-09 17:33:59,289 - DEBUG - Entering env context: <rasterio.env.Env object at 0x10fb40d70>
2026-02-09 17:33:59,289 - DEBUG - Starting outermost env
2026-02-09 17:33:59,289 - DEBUG - No GDAL environment exists
2026-02-09 17:33:59,289 - DEBUG - New GDAL environment <rasterio._env.GDALEnv object at 0x10fb17a30> created
2026-02-09 17:33:59,289 - DEBUG - GDAL data found in package: path='/Users/red_dragon/Documents/projects/cdse_sinergise_planet/env/lib/python3.13/site-packages/rasterio/gdal_data'.
2026-02-09 17:33:59,289 - DEBUG - PROJ data found in package: path='/Users/red_dragon/Documents/projects/cdse_sinergise_planet/env/lib/python3.13/site-packages/rasterio/proj_data'.
2026-02-09 17:33:59,289 - DEBUG - Started GDALEnv: self=<rasterio._env.GDALEnv object at 0x10fb17a30>.
2026-02-09 17:33:59,289 - DEBUG - Entered env context: <rasterio.env.Env object at 0x10fb40d70>
2026-02-09 17:33:59,290 - DEBUG - Output nodata value read from file: nan
2026-02-09 17:33:59,290 - DEBUG - Output nodata values: [nan]
2026-02-09 17:33:59,290 - DEBUG - all_valid: False
2026-02-09 17:33:59,290 - DEBUG - mask_flags: ([<MaskFlags.nodata: 8>],)
2026-02-09 17:33:59,290 - DEBUG - Jump straight to _read()
2026-02-09 17:33:59,290 - DEBUG - Window: None
2026-02-09 17:33:59,290 - DEBUG - IO window xoff=0.0 yoff=0.0 width=2452.0 height=2112.0
2026-02-09 17:33:59,298 - DEBUG - Exiting env context: <rasterio.env.Env object at 0x10fb40d70>
2026-02-09 17:33:59,300 - DEBUG - Cleared existing <rasterio._env.GDALEnv object at 0x10fb17a30> options
2026-02-09 17:33:59,301 - DEBUG - Stopped GDALEnv <rasterio._env.GDALEnv object at 0x10fb17a30>.
2026-02-09 17:33:59,301 - DEBUG - Exiting outermost env
2026-02-09 17:33:59,301 - DEBUG - Exited env context: <rasterio.env.Env object at 0x10fb40d70>
2026-02-09 17:33:59,301 - DEBUG - Entering env context: <rasterio.env.Env object at 0x10fb40d70>
2026-02-09 17:33:59,301 - DEBUG - Starting outermost env
2026-02-09 17:33:59,301 - DEBUG - No GDAL environment exists
2026-02-09 17:33:59,301 - DEBUG - New GDAL environment <rasterio._env.GDALEnv object at 0x10fb17a30> created
2026-02-09 17:33:59,301 - DEBUG - GDAL data found in package: path='/Users/red_dragon/Documents/projects/cdse_sinergise_planet/env/lib/python3.13/site-packages/rasterio/gdal_data'.
2026-02-09 17:33:59,301 - DEBUG - PROJ data found in package: path='/Users/red_dragon/Documents/projects/cdse_sinergise_planet/env/lib/python3.13/site-packages/rasterio/proj_data'.
2026-02-09 17:33:59,301 - DEBUG - Started GDALEnv: self=<rasterio._env.GDALEnv object at 0x10fb17a30>.
2026-02-09 17:33:59,301 - DEBUG - Entered env context: <rasterio.env.Env object at 0x10fb40d70>
2026-02-09 17:33:59,302 - DEBUG - Nodata success: 0, Nodata value: 0.000000
2026-02-09 17:33:59,302 - DEBUG - Dataset <open DatasetReader name='graz_4_supplemental_2025-08-11.tiff' mode='r'> is started.
2026-02-09 17:33:59,302 - DEBUG - Exiting env context: <rasterio.env.Env object at 0x10fb40d70>
2026-02-09 17:33:59,302 - DEBUG - Cleared existing <rasterio._env.GDALEnv object at 0x10fb17a30> options
2026-02-09 17:33:59,302 - DEBUG - Stopped GDALEnv <rasterio._env.GDALEnv object at 0x10fb17a30>.
2026-02-09 17:33:59,302 - DEBUG - Exiting outermost env
2026-02-09 17:33:59,302 - DEBUG - Exited env context: <rasterio.env.Env object at 0x10fb40d70>
2026-02-09 17:33:59,302 - DEBUG - Entering env context: <rasterio.env.Env object at 0x10fb40d70>
2026-02-09 17:33:59,302 - DEBUG - Starting outermost env
2026-02-09 17:33:59,302 - DEBUG - No GDAL environment exists
2026-02-09 17:33:59,302 - DEBUG - New GDAL environment <rasterio._env.GDALEnv object at 0x10fb17a30> created
2026-02-09 17:33:59,302 - DEBUG - GDAL data found in package: path='/Users/red_dragon/Documents/projects/cdse_sinergise_planet/env/lib/python3.13/site-packages/rasterio/gdal_data'.
2026-02-09 17:33:59,302 - DEBUG - PROJ data found in package: path='/Users/red_dragon/Documents/projects/cdse_sinergise_planet/env/lib/python3.13/site-packages/rasterio/proj_data'.
2026-02-09 17:33:59,302 - DEBUG - Started GDALEnv: self=<rasterio._env.GDALEnv object at 0x10fb17a30>.
2026-02-09 17:33:59,302 - DEBUG - Entered env context: <rasterio.env.Env object at 0x10fb40d70>
2026-02-09 17:33:59,302 - DEBUG - Output nodata value read from file: None
2026-02-09 17:33:59,302 - DEBUG - Output nodata values: [None]
2026-02-09 17:33:59,302 - DEBUG - all_valid: True
2026-02-09 17:33:59,302 - DEBUG - mask_flags: ([<MaskFlags.all_valid: 1>],)
2026-02-09 17:33:59,302 - DEBUG - Jump straight to _read()
2026-02-09 17:33:59,302 - DEBUG - Window: None
2026-02-09 17:33:59,302 - DEBUG - IO window xoff=0.0 yoff=0.0 width=2452.0 height=2112.0
2026-02-09 17:33:59,311 - DEBUG - Exiting env context: <rasterio.env.Env object at 0x10fb40d70>
2026-02-09 17:33:59,311 - DEBUG - Cleared existing <rasterio._env.GDALEnv object at 0x10fb17a30> options
2026-02-09 17:33:59,311 - DEBUG - Stopped GDALEnv <rasterio._env.GDALEnv object at 0x10fb17a30>.
2026-02-09 17:33:59,311 - DEBUG - Exiting outermost env
2026-02-09 17:33:59,311 - DEBUG - Exited env context: <rasterio.env.Env object at 0x10fb40d70>
2026-02-09 17:33:59,316 - DEBUG - Entering env context: <rasterio.env.Env object at 0x10fb40d70>
2026-02-09 17:33:59,316 - DEBUG - Starting outermost env
2026-02-09 17:33:59,316 - DEBUG - No GDAL environment exists
2026-02-09 17:33:59,316 - DEBUG - New GDAL environment <rasterio._env.GDALEnv object at 0x10fb17a30> created
2026-02-09 17:33:59,317 - DEBUG - GDAL data found in package: path='/Users/red_dragon/Documents/projects/cdse_sinergise_planet/env/lib/python3.13/site-packages/rasterio/gdal_data'.
2026-02-09 17:33:59,317 - DEBUG - PROJ data found in package: path='/Users/red_dragon/Documents/projects/cdse_sinergise_planet/env/lib/python3.13/site-packages/rasterio/proj_data'.
2026-02-09 17:33:59,317 - DEBUG - Started GDALEnv: self=<rasterio._env.GDALEnv object at 0x10fb17a30>.
2026-02-09 17:33:59,317 - DEBUG - Entered env context: <rasterio.env.Env object at 0x10fb40d70>
2026-02-09 17:33:59,331 - WARNING - CPLE_IllegalArg in 2025-08-11_10m_filled.tiff: BLOCKXSIZE can only be used with TILED=YES
2026-02-09 17:33:59,331 - DEBUG - Nodata success: 1, Nodata value: nan
2026-02-09 17:33:59,331 - DEBUG - Exiting env context: <rasterio.env.Env object at 0x10fb40d70>
2026-02-09 17:33:59,331 - DEBUG - Cleared existing <rasterio._env.GDALEnv object at 0x10fb17a30> options
2026-02-09 17:33:59,331 - DEBUG - Stopped GDALEnv <rasterio._env.GDALEnv object at 0x10fb17a30>.
2026-02-09 17:33:59,331 - DEBUG - Exiting outermost env
2026-02-09 17:33:59,331 - DEBUG - Exited env context: <rasterio.env.Env object at 0x10fb40d70>
2026-02-09 17:33:59,331 - DEBUG - Entering env context: <rasterio.env.Env object at 0x10fb40d70>
2026-02-09 17:33:59,331 - DEBUG - Starting outermost env
2026-02-09 17:33:59,331 - DEBUG - No GDAL environment exists
2026-02-09 17:33:59,331 - DEBUG - New GDAL environment <rasterio._env.GDALEnv object at 0x10fb17a30> created
2026-02-09 17:33:59,331 - DEBUG - GDAL data found in package: path='/Users/red_dragon/Documents/projects/cdse_sinergise_planet/env/lib/python3.13/site-packages/rasterio/gdal_data'.
2026-02-09 17:33:59,331 - DEBUG - PROJ data found in package: path='/Users/red_dragon/Documents/projects/cdse_sinergise_planet/env/lib/python3.13/site-packages/rasterio/proj_data'.
2026-02-09 17:33:59,331 - DEBUG - Started GDALEnv: self=<rasterio._env.GDALEnv object at 0x10fb17a30>.
2026-02-09 17:33:59,331 - DEBUG - Entered env context: <rasterio.env.Env object at 0x10fb40d70>
2026-02-09 17:33:59,346 - DEBUG - Exiting env context: <rasterio.env.Env object at 0x10fb40d70>
2026-02-09 17:33:59,346 - DEBUG - Cleared existing <rasterio._env.GDALEnv object at 0x10fb17a30> options
2026-02-09 17:33:59,347 - DEBUG - Stopped GDALEnv <rasterio._env.GDALEnv object at 0x10fb17a30>.
2026-02-09 17:33:59,347 - DEBUG - Exiting outermost env
2026-02-09 17:33:59,347 - DEBUG - Exited env context: <rasterio.env.Env object at 0x10fb40d70>
2026-02-09 17:33:59,347 - DEBUG - 2025-08-21
2026-02-09 17:33:59,347 - DEBUG - ['2025-08-21_10m.tiff']
2026-02-09 17:33:59,347 - DEBUG - ['graz_4_supplemental_2025-08-21.tiff']
2026-02-09 17:33:59,347 - DEBUG - Entering env context: <rasterio.env.Env object at 0x10fb40d70>
2026-02-09 17:33:59,347 - DEBUG - Starting outermost env
2026-02-09 17:33:59,347 - DEBUG - No GDAL environment exists
2026-02-09 17:33:59,347 - DEBUG - New GDAL environment <rasterio._env.GDALEnv object at 0x10fb17a30> created
2026-02-09 17:33:59,347 - DEBUG - GDAL data found in package: path='/Users/red_dragon/Documents/projects/cdse_sinergise_planet/env/lib/python3.13/site-packages/rasterio/gdal_data'.
2026-02-09 17:33:59,347 - DEBUG - PROJ data found in package: path='/Users/red_dragon/Documents/projects/cdse_sinergise_planet/env/lib/python3.13/site-packages/rasterio/proj_data'.
2026-02-09 17:33:59,347 - DEBUG - Started GDALEnv: self=<rasterio._env.GDALEnv object at 0x10fb17a30>.
2026-02-09 17:33:59,347 - DEBUG - Entered env context: <rasterio.env.Env object at 0x10fb40d70>
2026-02-09 17:33:59,347 - DEBUG - Nodata success: 1, Nodata value: nan
2026-02-09 17:33:59,347 - DEBUG - Dataset <open DatasetReader name='2025-08-21_10m.tiff' mode='r'> is started.
2026-02-09 17:33:59,347 - DEBUG - Exiting env context: <rasterio.env.Env object at 0x10fb40d70>
2026-02-09 17:33:59,347 - DEBUG - Cleared existing <rasterio._env.GDALEnv object at 0x10fb17a30> options
2026-02-09 17:33:59,348 - DEBUG - Stopped GDALEnv <rasterio._env.GDALEnv object at 0x10fb17a30>.
2026-02-09 17:33:59,348 - DEBUG - Exiting outermost env
2026-02-09 17:33:59,348 - DEBUG - Exited env context: <rasterio.env.Env object at 0x10fb40d70>
2026-02-09 17:33:59,348 - DEBUG - Entering env context: <rasterio.env.Env object at 0x10fb40d70>
2026-02-09 17:33:59,348 - DEBUG - Starting outermost env
2026-02-09 17:33:59,348 - DEBUG - No GDAL environment exists
2026-02-09 17:33:59,348 - DEBUG - New GDAL environment <rasterio._env.GDALEnv object at 0x10fb17a30> created
2026-02-09 17:33:59,348 - DEBUG - GDAL data found in package: path='/Users/red_dragon/Documents/projects/cdse_sinergise_planet/env/lib/python3.13/site-packages/rasterio/gdal_data'.
2026-02-09 17:33:59,348 - DEBUG - PROJ data found in package: path='/Users/red_dragon/Documents/projects/cdse_sinergise_planet/env/lib/python3.13/site-packages/rasterio/proj_data'.
2026-02-09 17:33:59,348 - DEBUG - Started GDALEnv: self=<rasterio._env.GDALEnv object at 0x10fb17a30>.
2026-02-09 17:33:59,348 - DEBUG - Entered env context: <rasterio.env.Env object at 0x10fb40d70>
2026-02-09 17:33:59,348 - DEBUG - Got a copy of environment <rasterio._env.GDALEnv object at 0x10fb17a30> options
2026-02-09 17:33:59,348 - DEBUG - Entering env context: <rasterio.env.Env object at 0x10fb404b0>
2026-02-09 17:33:59,348 - DEBUG - Got a copy of environment <rasterio._env.GDALEnv object at 0x10fb17a30> options
2026-02-09 17:33:59,348 - DEBUG - Entered env context: <rasterio.env.Env object at 0x10fb404b0>
2026-02-09 17:33:59,348 - DEBUG - Nodata success: 0, Nodata value: 0.000000
2026-02-09 17:33:59,348 - DEBUG - Dataset <open DatasetReader name='graz_4_supplemental_2025-08-21.tiff' mode='r'> is started.
2026-02-09 17:33:59,348 - DEBUG - Exiting env context: <rasterio.env.Env object at 0x10fb404b0>
2026-02-09 17:33:59,348 - DEBUG - Cleared existing <rasterio._env.GDALEnv object at 0x10fb17a30> options
2026-02-09 17:33:59,348 - DEBUG - Stopped GDALEnv <rasterio._env.GDALEnv object at 0x10fb17a30>.
2026-02-09 17:33:59,348 - DEBUG - No GDAL environment exists
2026-02-09 17:33:59,348 - DEBUG - New GDAL environment <rasterio._env.GDALEnv object at 0x10fb17a30> created
2026-02-09 17:33:59,348 - DEBUG - GDAL data found in package: path='/Users/red_dragon/Documents/projects/cdse_sinergise_planet/env/lib/python3.13/site-packages/rasterio/gdal_data'.
2026-02-09 17:33:59,348 - DEBUG - PROJ data found in package: path='/Users/red_dragon/Documents/projects/cdse_sinergise_planet/env/lib/python3.13/site-packages/rasterio/proj_data'.
2026-02-09 17:33:59,348 - DEBUG - Started GDALEnv: self=<rasterio._env.GDALEnv object at 0x10fb17a30>.
2026-02-09 17:33:59,348 - DEBUG - Exited env context: <rasterio.env.Env object at 0x10fb404b0>
2026-02-09 17:33:59,348 - DEBUG - Got a copy of environment <rasterio._env.GDALEnv object at 0x10fb17a30> options
2026-02-09 17:33:59,348 - DEBUG - Entering env context: <rasterio.env.Env object at 0x10fb404b0>
2026-02-09 17:33:59,348 - DEBUG - Got a copy of environment <rasterio._env.GDALEnv object at 0x10fb17a30> options
2026-02-09 17:33:59,348 - DEBUG - Entered env context: <rasterio.env.Env object at 0x10fb404b0>
2026-02-09 17:33:59,349 - DEBUG - Nodata success: 1, Nodata value: nan
2026-02-09 17:33:59,349 - DEBUG - Dataset <open DatasetReader name='2025-08-21_10m.tiff' mode='r'> is started.
2026-02-09 17:33:59,349 - DEBUG - Exiting env context: <rasterio.env.Env object at 0x10fb404b0>
2026-02-09 17:33:59,349 - DEBUG - Cleared existing <rasterio._env.GDALEnv object at 0x10fb17a30> options
2026-02-09 17:33:59,349 - DEBUG - Stopped GDALEnv <rasterio._env.GDALEnv object at 0x10fb17a30>.
2026-02-09 17:33:59,349 - DEBUG - No GDAL environment exists
2026-02-09 17:33:59,349 - DEBUG - New GDAL environment <rasterio._env.GDALEnv object at 0x10fb17a30> created
2026-02-09 17:33:59,349 - DEBUG - GDAL data found in package: path='/Users/red_dragon/Documents/projects/cdse_sinergise_planet/env/lib/python3.13/site-packages/rasterio/gdal_data'.
2026-02-09 17:33:59,349 - DEBUG - PROJ data found in package: path='/Users/red_dragon/Documents/projects/cdse_sinergise_planet/env/lib/python3.13/site-packages/rasterio/proj_data'.
2026-02-09 17:33:59,349 - DEBUG - Started GDALEnv: self=<rasterio._env.GDALEnv object at 0x10fb17a30>.
2026-02-09 17:33:59,349 - DEBUG - Exited env context: <rasterio.env.Env object at 0x10fb404b0>
2026-02-09 17:33:59,349 - DEBUG - Got a copy of environment <rasterio._env.GDALEnv object at 0x10fb17a30> options
2026-02-09 17:33:59,349 - DEBUG - Entering env context: <rasterio.env.Env object at 0x10fb404b0>
2026-02-09 17:33:59,349 - DEBUG - Got a copy of environment <rasterio._env.GDALEnv object at 0x10fb17a30> options
2026-02-09 17:33:59,349 - DEBUG - Entered env context: <rasterio.env.Env object at 0x10fb404b0>
2026-02-09 17:33:59,350 - DEBUG - Nodata success: 0, Nodata value: 0.000000
2026-02-09 17:33:59,350 - DEBUG - Dataset <open DatasetReader name='graz_4_supplemental_2025-08-21.tiff' mode='r'> is started.
2026-02-09 17:33:59,350 - DEBUG - Exiting env context: <rasterio.env.Env object at 0x10fb404b0>
2026-02-09 17:33:59,350 - DEBUG - Cleared existing <rasterio._env.GDALEnv object at 0x10fb17a30> options
2026-02-09 17:33:59,350 - DEBUG - Stopped GDALEnv <rasterio._env.GDALEnv object at 0x10fb17a30>.
2026-02-09 17:33:59,350 - DEBUG - No GDAL environment exists
2026-02-09 17:33:59,350 - DEBUG - New GDAL environment <rasterio._env.GDALEnv object at 0x10fb17a30> created
2026-02-09 17:33:59,350 - DEBUG - GDAL data found in package: path='/Users/red_dragon/Documents/projects/cdse_sinergise_planet/env/lib/python3.13/site-packages/rasterio/gdal_data'.
2026-02-09 17:33:59,350 - DEBUG - PROJ data found in package: path='/Users/red_dragon/Documents/projects/cdse_sinergise_planet/env/lib/python3.13/site-packages/rasterio/proj_data'.
2026-02-09 17:33:59,350 - DEBUG - Started GDALEnv: self=<rasterio._env.GDALEnv object at 0x10fb17a30>.
2026-02-09 17:33:59,350 - DEBUG - Exited env context: <rasterio.env.Env object at 0x10fb404b0>
2026-02-09 17:33:59,350 - DEBUG - Exiting env context: <rasterio.env.Env object at 0x10fb40d70>
2026-02-09 17:33:59,350 - DEBUG - Cleared existing <rasterio._env.GDALEnv object at 0x10fb17a30> options
2026-02-09 17:33:59,350 - DEBUG - Stopped GDALEnv <rasterio._env.GDALEnv object at 0x10fb17a30>.
2026-02-09 17:33:59,350 - DEBUG - Exiting outermost env
2026-02-09 17:33:59,350 - DEBUG - Exited env context: <rasterio.env.Env object at 0x10fb40d70>
2026-02-09 17:33:59,350 - DEBUG - Entering env context: <rasterio.env.Env object at 0x10fb40d70>
2026-02-09 17:33:59,350 - DEBUG - Starting outermost env
2026-02-09 17:33:59,350 - DEBUG - No GDAL environment exists
2026-02-09 17:33:59,350 - DEBUG - New GDAL environment <rasterio._env.GDALEnv object at 0x10fb17a30> created
2026-02-09 17:33:59,350 - DEBUG - GDAL data found in package: path='/Users/red_dragon/Documents/projects/cdse_sinergise_planet/env/lib/python3.13/site-packages/rasterio/gdal_data'.
2026-02-09 17:33:59,350 - DEBUG - PROJ data found in package: path='/Users/red_dragon/Documents/projects/cdse_sinergise_planet/env/lib/python3.13/site-packages/rasterio/proj_data'.
2026-02-09 17:33:59,350 - DEBUG - Started GDALEnv: self=<rasterio._env.GDALEnv object at 0x10fb17a30>.
2026-02-09 17:33:59,350 - DEBUG - Entered env context: <rasterio.env.Env object at 0x10fb40d70>
2026-02-09 17:33:59,351 - DEBUG - Nodata success: 1, Nodata value: nan
2026-02-09 17:33:59,351 - DEBUG - Dataset <open DatasetReader name='2025-08-21_10m.tiff' mode='r'> is started.
2026-02-09 17:33:59,351 - DEBUG - Exiting env context: <rasterio.env.Env object at 0x10fb40d70>
2026-02-09 17:33:59,351 - DEBUG - Cleared existing <rasterio._env.GDALEnv object at 0x10fb17a30> options
2026-02-09 17:33:59,351 - DEBUG - Stopped GDALEnv <rasterio._env.GDALEnv object at 0x10fb17a30>.
2026-02-09 17:33:59,351 - DEBUG - Exiting outermost env
2026-02-09 17:33:59,351 - DEBUG - Exited env context: <rasterio.env.Env object at 0x10fb40d70>
2026-02-09 17:33:59,351 - DEBUG - Entering env context: <rasterio.env.Env object at 0x10fb40d70>
2026-02-09 17:33:59,351 - DEBUG - Starting outermost env
2026-02-09 17:33:59,351 - DEBUG - No GDAL environment exists
2026-02-09 17:33:59,351 - DEBUG - New GDAL environment <rasterio._env.GDALEnv object at 0x10fb17a30> created
2026-02-09 17:33:59,351 - DEBUG - GDAL data found in package: path='/Users/red_dragon/Documents/projects/cdse_sinergise_planet/env/lib/python3.13/site-packages/rasterio/gdal_data'.
2026-02-09 17:33:59,351 - DEBUG - PROJ data found in package: path='/Users/red_dragon/Documents/projects/cdse_sinergise_planet/env/lib/python3.13/site-packages/rasterio/proj_data'.
2026-02-09 17:33:59,351 - DEBUG - Started GDALEnv: self=<rasterio._env.GDALEnv object at 0x10fb17a30>.
2026-02-09 17:33:59,351 - DEBUG - Entered env context: <rasterio.env.Env object at 0x10fb40d70>
2026-02-09 17:33:59,351 - DEBUG - Output nodata value read from file: nan
2026-02-09 17:33:59,351 - DEBUG - Output nodata values: [nan]
2026-02-09 17:33:59,351 - DEBUG - all_valid: False
2026-02-09 17:33:59,351 - DEBUG - mask_flags: ([<MaskFlags.nodata: 8>],)
2026-02-09 17:33:59,351 - DEBUG - Jump straight to _read()
2026-02-09 17:33:59,351 - DEBUG - Window: None
2026-02-09 17:33:59,351 - DEBUG - IO window xoff=0.0 yoff=0.0 width=2452.0 height=2112.0
2026-02-09 17:33:59,358 - DEBUG - Exiting env context: <rasterio.env.Env object at 0x10fb40d70>
2026-02-09 17:33:59,358 - DEBUG - Cleared existing <rasterio._env.GDALEnv object at 0x10fb17a30> options
2026-02-09 17:33:59,358 - DEBUG - Stopped GDALEnv <rasterio._env.GDALEnv object at 0x10fb17a30>.
2026-02-09 17:33:59,358 - DEBUG - Exiting outermost env
2026-02-09 17:33:59,358 - DEBUG - Exited env context: <rasterio.env.Env object at 0x10fb40d70>
2026-02-09 17:33:59,358 - DEBUG - Entering env context: <rasterio.env.Env object at 0x10fb40d70>
2026-02-09 17:33:59,358 - DEBUG - Starting outermost env
2026-02-09 17:33:59,358 - DEBUG - No GDAL environment exists
2026-02-09 17:33:59,358 - DEBUG - New GDAL environment <rasterio._env.GDALEnv object at 0x10fb17a30> created
2026-02-09 17:33:59,358 - DEBUG - GDAL data found in package: path='/Users/red_dragon/Documents/projects/cdse_sinergise_planet/env/lib/python3.13/site-packages/rasterio/gdal_data'.
2026-02-09 17:33:59,358 - DEBUG - PROJ data found in package: path='/Users/red_dragon/Documents/projects/cdse_sinergise_planet/env/lib/python3.13/site-packages/rasterio/proj_data'.
2026-02-09 17:33:59,358 - DEBUG - Started GDALEnv: self=<rasterio._env.GDALEnv object at 0x10fb17a30>.
2026-02-09 17:33:59,358 - DEBUG - Entered env context: <rasterio.env.Env object at 0x10fb40d70>
2026-02-09 17:33:59,359 - DEBUG - Nodata success: 0, Nodata value: 0.000000
2026-02-09 17:33:59,359 - DEBUG - Dataset <open DatasetReader name='graz_4_supplemental_2025-08-21.tiff' mode='r'> is started.
2026-02-09 17:33:59,359 - DEBUG - Exiting env context: <rasterio.env.Env object at 0x10fb40d70>
2026-02-09 17:33:59,359 - DEBUG - Cleared existing <rasterio._env.GDALEnv object at 0x10fb17a30> options
2026-02-09 17:33:59,359 - DEBUG - Stopped GDALEnv <rasterio._env.GDALEnv object at 0x10fb17a30>.
2026-02-09 17:33:59,359 - DEBUG - Exiting outermost env
2026-02-09 17:33:59,359 - DEBUG - Exited env context: <rasterio.env.Env object at 0x10fb40d70>
2026-02-09 17:33:59,359 - DEBUG - Entering env context: <rasterio.env.Env object at 0x10fb40d70>
2026-02-09 17:33:59,359 - DEBUG - Starting outermost env
2026-02-09 17:33:59,359 - DEBUG - No GDAL environment exists
2026-02-09 17:33:59,359 - DEBUG - New GDAL environment <rasterio._env.GDALEnv object at 0x10fb17a30> created
2026-02-09 17:33:59,359 - DEBUG - GDAL data found in package: path='/Users/red_dragon/Documents/projects/cdse_sinergise_planet/env/lib/python3.13/site-packages/rasterio/gdal_data'.
2026-02-09 17:33:59,359 - DEBUG - PROJ data found in package: path='/Users/red_dragon/Documents/projects/cdse_sinergise_planet/env/lib/python3.13/site-packages/rasterio/proj_data'.
2026-02-09 17:33:59,359 - DEBUG - Started GDALEnv: self=<rasterio._env.GDALEnv object at 0x10fb17a30>.
2026-02-09 17:33:59,359 - DEBUG - Entered env context: <rasterio.env.Env object at 0x10fb40d70>
2026-02-09 17:33:59,359 - DEBUG - Output nodata value read from file: None
2026-02-09 17:33:59,359 - DEBUG - Output nodata values: [None]
2026-02-09 17:33:59,359 - DEBUG - all_valid: True
2026-02-09 17:33:59,359 - DEBUG - mask_flags: ([<MaskFlags.all_valid: 1>],)
2026-02-09 17:33:59,359 - DEBUG - Jump straight to _read()
2026-02-09 17:33:59,359 - DEBUG - Window: None
2026-02-09 17:33:59,359 - DEBUG - IO window xoff=0.0 yoff=0.0 width=2452.0 height=2112.0
2026-02-09 17:33:59,366 - DEBUG - Exiting env context: <rasterio.env.Env object at 0x10fb40d70>
2026-02-09 17:33:59,366 - DEBUG - Cleared existing <rasterio._env.GDALEnv object at 0x10fb17a30> options
2026-02-09 17:33:59,366 - DEBUG - Stopped GDALEnv <rasterio._env.GDALEnv object at 0x10fb17a30>.
2026-02-09 17:33:59,366 - DEBUG - Exiting outermost env
2026-02-09 17:33:59,366 - DEBUG - Exited env context: <rasterio.env.Env object at 0x10fb40d70>
2026-02-09 17:33:59,372 - DEBUG - Entering env context: <rasterio.env.Env object at 0x10fb40d70>
2026-02-09 17:33:59,372 - DEBUG - Starting outermost env
2026-02-09 17:33:59,372 - DEBUG - No GDAL environment exists
2026-02-09 17:33:59,372 - DEBUG - New GDAL environment <rasterio._env.GDALEnv object at 0x10fb17a30> created
2026-02-09 17:33:59,372 - DEBUG - GDAL data found in package: path='/Users/red_dragon/Documents/projects/cdse_sinergise_planet/env/lib/python3.13/site-packages/rasterio/gdal_data'.
2026-02-09 17:33:59,372 - DEBUG - PROJ data found in package: path='/Users/red_dragon/Documents/projects/cdse_sinergise_planet/env/lib/python3.13/site-packages/rasterio/proj_data'.
2026-02-09 17:33:59,372 - DEBUG - Started GDALEnv: self=<rasterio._env.GDALEnv object at 0x10fb17a30>.
2026-02-09 17:33:59,372 - DEBUG - Entered env context: <rasterio.env.Env object at 0x10fb40d70>
2026-02-09 17:33:59,385 - WARNING - CPLE_IllegalArg in 2025-08-21_10m_filled.tiff: BLOCKXSIZE can only be used with TILED=YES
2026-02-09 17:33:59,385 - DEBUG - Nodata success: 1, Nodata value: nan
2026-02-09 17:33:59,385 - DEBUG - Exiting env context: <rasterio.env.Env object at 0x10fb40d70>
2026-02-09 17:33:59,385 - DEBUG - Cleared existing <rasterio._env.GDALEnv object at 0x10fb17a30> options
2026-02-09 17:33:59,385 - DEBUG - Stopped GDALEnv <rasterio._env.GDALEnv object at 0x10fb17a30>.
2026-02-09 17:33:59,385 - DEBUG - Exiting outermost env
2026-02-09 17:33:59,385 - DEBUG - Exited env context: <rasterio.env.Env object at 0x10fb40d70>
2026-02-09 17:33:59,386 - DEBUG - Entering env context: <rasterio.env.Env object at 0x10fb40d70>
2026-02-09 17:33:59,386 - DEBUG - Starting outermost env
2026-02-09 17:33:59,386 - DEBUG - No GDAL environment exists
2026-02-09 17:33:59,386 - DEBUG - New GDAL environment <rasterio._env.GDALEnv object at 0x10fb17a30> created
2026-02-09 17:33:59,386 - DEBUG - GDAL data found in package: path='/Users/red_dragon/Documents/projects/cdse_sinergise_planet/env/lib/python3.13/site-packages/rasterio/gdal_data'.
2026-02-09 17:33:59,386 - DEBUG - PROJ data found in package: path='/Users/red_dragon/Documents/projects/cdse_sinergise_planet/env/lib/python3.13/site-packages/rasterio/proj_data'.
2026-02-09 17:33:59,386 - DEBUG - Started GDALEnv: self=<rasterio._env.GDALEnv object at 0x10fb17a30>.
2026-02-09 17:33:59,386 - DEBUG - Entered env context: <rasterio.env.Env object at 0x10fb40d70>
2026-02-09 17:33:59,419 - DEBUG - Exiting env context: <rasterio.env.Env object at 0x10fb40d70>
2026-02-09 17:33:59,419 - DEBUG - Cleared existing <rasterio._env.GDALEnv object at 0x10fb17a30> options
2026-02-09 17:33:59,419 - DEBUG - Stopped GDALEnv <rasterio._env.GDALEnv object at 0x10fb17a30>.
2026-02-09 17:33:59,420 - DEBUG - Exiting outermost env
2026-02-09 17:33:59,420 - DEBUG - Exited env context: <rasterio.env.Env object at 0x10fb40d70>
